abandon,"n.放纵；
v.放纵；
v.放弃；
v.停止做某事"
abase,v.降低（地位、职位、威望或尊严）
abash,vt.使尴尬，使羞愧
abate,"v.减轻（程度或者强度）；
v.减少（数量），降低（价值）；
v.停止，撤销"
abbreviate,v.缩写，缩短
abdicate,v.正式放弃（权力、责任）
aberrant,adj.异常的，非常规的
abet,"v.帮助，怂恿；
v.鼓励"
abeyance,n.中止，搁置
abhor,vt.深恶痛绝，极度厌恶
abiding,vt.永久的
abject,"adj.无精打采的；
adj.（地位、身份）悲惨、凄凉的；
adj.卑微的，讨好的"
abjure,"v.发誓放弃；
v.抵制，避免"
abnegate,"v.否认；
v.投降，放弃，交出（权力等）"
abominate,v.憎恶
aboveboard,adj.无欺诈的，光明正大的
abrade,v.磨损，精神上折磨
abridge,"v.缩短，缩小；
v.在不改变本意的条件下删减词语，缩写"
abrogate,"v.官方的正式废除；
v.无视（某事的）存在"
abscond,v.偷偷离开
absolute,"adj.专制的；
adj.无限的；
adj.完美的，纯净不掺杂的；
adj.不容置疑的，确凿的"
absolve,v.使无罪，解除责任
abstain,v.自我克制，主动戒绝
abstemious,adj.（吃喝等）有节制的，节俭的
abstract,"vt.做总结，概括；
vt.使分心"
abstruse,adj.难以理解的
absurd,adj.不合理的
abundant,adj.大量的
abuse,"v.辱骂，抨击；
v.不正当或不合理使用"
abut,v.邻接，毗邻
abysmal,"adj.极低的，极可怜的；
adj.（程度）很深的；极端的"
accede,"v.赞成；
v.就任，就职"
accelerate,"v.加速；
v.使提前发生；
v.变大，变多"
accessible,"adj.可以到达的；
adj.可理解的；
adj.能够获得的"
accessory,"adj.辅助的，附属的；
n.帮凶"
accidental,"adj.意外发生的，偶然的；
adj.附带的，不重要的"
acclimate,vt.使适应
accolade,"n.同意，赞赏；
v.赞扬"
accommodate,"v.提供所需（例如服务、借贷、寄宿）；
v.改变以适应新情况、新场景；
vt.使和谐"
accost,vt.以挑衅的形式搭讪
accrete,v.逐渐增长
accumulate,vi.逐渐增长
acerbic,adj.（心情、心境或者语调）尖酸的
acme,"n.顶点，极点；
n.最佳典范"
acquiesce,v.勉强同意；默许
acrid,"adj.辛辣的，刺鼻的；
adj.刻薄的"
acrimonious,adj.刻薄的，充满仇恨的
acumen,n.不同寻常的洞察力和鉴别力
acute,"adj.敏锐的；
adj.严重的，急性的；
adj.（程度、影响）极强的"
adamant,adj.固执的，不可动摇的
adapt,v.修改，使（适应）
addict,"v.沉溺，上瘾；
n.对某事上瘾的人"
adhere,"v.依附，粘着；
v.服从，遵守；
v.坚定地支持"
adjourn,vi.延期，休会
adjunct,n.附属物，非必须部分
ad-lib,adj.即兴的
admonish,"v.建议；
v.责备"
adore,"vt.喜爱，因…感到愉悦；
vt.宠爱"
adulate,v.极度谄媚
adulterate,vt.掺杂，加入低等成分
adumbrate,"vt.部分地或有保留地揭露；
vt.预示着"
adventitious,adj.外来的，后天的，非内在的
adversary,n.敌手，对手
advert,vi.引起注意；提到
advocate,vt.支持，提倡
affable,adj.和蔼的，温和的
affinity,"n.喜欢，倾向；
n.相似"
affluent,adj.富裕的
aggrandize,vt.增加、提高（力量、财富、地位、声誉）等
aggravate,"vt.加重，恶化；
vt.使恼火"
aggregate,"n.集合体；
v.集合，聚集"
aggressive,"adj.好斗的；
adj.强有力的，强烈的"
aggrieve,vt.使苦恼，使悲痛
agitate,"v.煽动，激起；
vt.使不安"
agog,adj.极度感兴趣的
agonize,v.（使）非常痛苦
airtight,"adj.无瑕疵的；
adj.密封的，不透气的"
alacrity,n.反应迅速，乐意，欣然
alibi,n.不在场的证明；托辞，借口
alienate,"v.疏远，离间；
v.转移、变卖（财产或权利）"
align,"vt.使排成一行；
vt.调准，校准"
allay,vt.减轻
allegiance,n.忠诚
alleviate,v.缓和，减轻
allude,vi.间接提到
allure,"vt.吸引；
v.诱惑做（某事）"
ally,"n.盟友，支持者；
v.加入联盟"
aloft,adv.在空中
aloof,adj.孤高的，不合群的
altruism,n.利他主义
amalgamate,v.合并，混合
ambiguous,adj.有多种理解方式的；不确定的
amble,vi./n.漫步，闲逛
ambrosial,adj.（食物）特别美味的；香的
ameliorate,vt.改善，改进
amenable,adj.顺从的，服从的
amenity,"n.（环境、设备等的）舒适，人性化；
n.融洽，和谐"
amiable,adj.好脾气的，友好易相处的
amicable,adj.友善的
amity,n.友好关系，亲善和睦
amorphous,"adj.无固定形状的；
adj.不可归类的"
analgesic,n.镇痛剂
anarchist,n.反抗权威的人
anathema,n.诅咒
ancillary,"adj.次要的；
adj.辅助的，补充的"
anecdote,n.短小有趣的故事
anemic,adj.缺乏力量、活力、精神的
anesthetic,"n.止痛剂；
adj.无感觉的，麻木的"
animate,"adj.活的；
adj.有活力的；
vt.使有活力，支持；
vt.使行动，驱使；
vt.使活灵活现，使栩栩如生"
animus,n.敌意
annoy,vt.不断烦扰
annul,"vt.宣告无效，取消；
vt.抵消"
anomalous,"adj.不普通的，不平常的；
adj.反常的，不正常的"
anonymous,"adj.匿名的；
adj.无特色的"
antagonize,"vt.与…敌对，反对；
vt.激怒"
antediluvian,"adj.非常古老的；过时的；
n.保守的人"
anterior,adj.前面的
antic,adj.滑稽可笑的
apathy,"n.冷漠，缺乏情感；
n.缺乏兴趣，不关心"
aphorism,n.格言，警句
apocalyptic,"adj.预言的，启示的；
adj.重要的，转折点的；
adj.夸大的"
apocryphal,adj.假的
apoplectic,adj.极度愤怒的
apostasy,"n.放弃宗教信仰；
n.变节，背叛"
appall,vt.使惊恐
appeal,"n.申请；
n.起诉"
appealing,adj.吸引人的
applause,n.鼓掌；认可
apposite,adj.相关的，合适的
appreciable,adj.可感知的，明显的
apprehension,"n.忧虑，恐惧；
n.逮捕；
n.理解"
apprise,v.通知，告知
approbation,n.同意
appropriate,"v.私自挪用；
adj.适当的"
apropos,"adj.相关的；
prep.关于，有关"
apt,"adj.恰当的，合适的；
adj.有…倾向的，可能的；
adj.聪明的"
archaic,adj.过时的，久远的
archetype,"n.典范，榜样；
n.先驱，鼻祖；
n.原型"
ardor,n.狂热
arduous,adj.难以做到的，费劲的
argot,n.隐语，黑话，行话
arrest,"vt.使不活跃；
n./v.停止；
v.逮捕；
v.吸引（某人）注意力"
arresting,adj.吸引人的
arrhythmic,adj.不规律的
arrogance,n．傲慢，自大
articulate,"v.清晰地表达；
adj.表达清晰的"
ascendant,"adj.有影响力的，主宰的；
adj.上升的"
ascetic,"adj.苦行的，克已的；禁欲的；
n.禁欲者"
aseptic,"adj.消毒的，无菌的；
adj.缺乏活力的；
adj.冷漠的"
askew,adj./adv.不成直线的（地），歪的（地）
aspect,n.外表，容貌
asperity,"n.（举止、性情）粗暴；
n.（环境）艰苦"
aspersion,n.诽谤，中伤
aspirant,"n.有抱负者,有野心者；
adj.想成为…的"
assent,vi.同意
assert,vt.断言，肯定地说出
assertive,adj.自信的
assess,"v.评估（重要性、尺寸、价值等）；
v.征收费用（如罚款）"
assiduous,adj.勤勉的，专心仔细的
assuage,"vt.缓和，减轻；
vt.平息，抚慰；
vt.使满足"
astounding,adj.令人吃惊的，出乎意料的
astute,adj.机敏的，有洞察力的
asunder,"adv.分离成多部分或多片地；
adv.分离地"
asylum,n.收容所，保护所
asymmetrical,adj.不平衡的，不对称的
atone,v.赎罪，弥补
atrocious,"adj.极坏的，极其残忍的；
adj.让人极为不满意的"
attenuate,v.降低（数量、力量、价值）
audacious,"adj.大胆的，（但往往）愚勇的；
adj.蔑视（法律、礼节）的，无礼的；
adj.乐于冒险的；
adj.大胆创新的"
augur,"n.预言家；
vi.出现好兆头；
vt.预言"
authentic,"adj.真实的，非仿造的；
adj.准确的，相符合的"
authority,"n.（某领域的）权威人士；
n.管辖权，控制；
n.影响力；
n.（管束他人的）权力；
n.根据，理由"
autocracy,n.独裁政府
autonomy,"n.政治上的独立；
n.自我主导的自由，（尤其是）精神独立"
avarice,n.贪财，贪婪
aver,"v.声称为真；
v.（态度强硬而明确地）声明"
aversion,"n.非常讨厌，极厌恶；
n.令人厌恶的事物"
avid,"adj.急切渴望的；
adj.贪婪（钱财）的"
awash,"adj.被淹没的；
adj.（如洪水般）泛滥的"
awe,n./v.敬畏
awkward,"adj.缺乏灵活性和技巧的；
adj.（处理问题）缺乏手段和智谋的；
adj.臃肿笨拙的，不优雅的；
adj.令人尴尬的；
adj.（因过大过重或设计问题）难以操作的"
awning,n.雨篷，遮阳篷
awry,"adj.弯曲的，扭曲的；
adj./adv.走样的（地），出差错的（地）"
axiomatic,"adj.公理的；
adj.不言自明的"
babble,"v.发出含糊无意义的嘟囔声，胡乱说；
v.闲聊"
backhanded,adj.间接的，含沙射影的，虚情假意的
badger,vt.不断纠缠或骚扰
badinage,n.打趣，善意的玩笑
bait,"vt.逗弄，激怒；
vt.引诱；
n.诱饵"
bale,n.痛苦，悲哀
baleful,"adj.有害的；
adj.凶兆的；凶恶的；
adj.致命的"
balk,"vt.阻碍；
v.不愿接受，拒绝"
balky,adj.不服管束的，倔强的
ballad,n.（由简单诗节和叠句组成的）民歌
balloon,v.迅速增加
balm,"n.香油，止痛膏；安慰物；
n.香气"
banal,adj.非原创的，陈腐的
bane,"n.祸根；
n.有害的物质"
banish,"vt.驱逐出境；
vt.赶出"
banter,n./v.幽默、打趣的（地）谈话
barb,n.尖锐而严厉的批评
barbarous,"adj.野蛮的，凶残的；
adj.未开化的"
barefaced,adj.公然的，厚颜无耻的
bargain,"n.协议；
vi.讨价还价"
baroque,"adj.装饰华丽的，过分雕琢的，复杂的；
adj.（程度上）过分的"
barrage,"n.弹幕；
n.有压倒之势的、集中的倾泻（如言语）；
v.（同时）袭来"
barren,"adj.不育的；
adj.不产生结果的，无效的；
adj.贫瘠的；
adj.极度匮乏的"
barricade,"n.障碍物；
vt.用障碍物阻止通过"
barter,v.以物换物
batch,"n.一批次的量；
n.一小群人"
bathetic,adj.平凡的，陈腐的
bawdy,adj.下流的，猥亵的
bedeck,vt.装饰，点缀
belabor,"vt.（当众）严厉批评；
vt.就…作过度的说明，喋喋不休"
beleaguer,"vt.包围，围攻；
vt.使困扰，使烦恼，使消沉"
belie,"vt.错误地描述；误述；
vt.证明…为假；
vt.掩饰；
vt.与…相对立；与…相矛盾"
bellwether,n.领导者，带头人
beneficent,"adj.仁慈的，好慈善的；
adj.（对个人或社会）有益的"
benign,"adj.好心的，仁慈的；
adj.无害的"
berate,vt.（长时间）严厉指责
beseech,vt.（急切地）恳求
besmirch,"vt.弄脏，弄污；
vt.诽谤，玷污"
bifurcate,v.（使）分成两支
bigot,n.固执己见者，有偏见的人
bland,"adj.味道平淡的，不刺激的；
adj.无趣的；
adj.温和的，和蔼的"
blandishment,n.甜言蜜语，讨好某人的话
blasé,adj.（过度放纵之后）厌倦享乐的，腻烦的
blast,"n.爆炸；
n.一阵猛烈的强风；
n.巨响；
vt.炸裂，爆破；
vt.斥责，抨击"
blatant,"adj.大声喧哗的；
adj.（让人生厌地）惹人注目的"
blazon,"vt.使知名；
v.修饰，装扮"
blemish,"n.缺点，污点；
vt.损害，玷污"
blight,"v.（使）枯萎；
v.损害"
bliss,"n.极度快乐；
n.极乐世界"
blithe,"adj.愉快高兴的；
adj.无忧无虑的；漫不经心的"
blueprint,"n.蓝图，详细计划；
vt.事先计划"
blunder,"n.过失；
v.在…方面犯了很愚蠢且通常很严重的错误；糟蹋；
v.蹒跚"
blunt,"vt.使变钝；
vt.减弱（力度等）；
adj.直率的"
blur,"v.（使）变得朦胧，（使）变得不清楚；
vt.使不易理解"
blurt,vt.突然说出，冲动地说
bluster,"v.狂妄自大地大声说；
n.大声吹嘘；恐吓；
n.喧闹的状态"
boggle,"v.（因为怀疑、恐惧）犹豫；
v.笨拙地做"
boisterous,adj.喧嚷的，吵闹的
bolster,"n./v.支撑（物）；
vt.鼓励，使有精力"
bombast,n.夸大的言辞
bonhomie,n.温和，和蔼
boo,n./v.嘘（以表示不满或嘲笑）
boon,"n.恩惠，福利；
adj.喜欢集体行动的"
boor,n.粗鲁的人，不敏感的人
bootless,adj.无用的
bound,"n.界限；
vt.给…设置限制；
adj.投入的，坚定的"
boycott,vt.联合抵制，拒绝参与
bracing,adj.令人振奋的，给人带来活力的
brake,v.刹车
brash,"adj.愚勇的，鲁莽的；
adj.缺乏判断力的，不明智的"
brassy,"adj.厚脸皮的，不知羞耻的；
adj.华而不实地炫耀的"
bravado,"n.假装勇敢；
n.虚张声势"
bravura,adj./n.优秀演技（的）
brazen,"adj.蛮横大胆的，厚颜无耻的；
v.大胆自信地去面对或从事"
breach,"n.（对伦理、法律准则的）破坏；
v.违背"
brevity,"n.简短，简洁；
n.精炼"
bribe,v.贿赂，收买
bridle,v.限制
brisk,"adj.充满生机的，有活力的；
adj.（言辞或方式）尖刻辛辣的，刻薄的"
bristle,"v.怒不可遏，咆哮；
v.供应充足，充满"
brittle,"adj.易碎的，脆弱的，易坏的；
adj.不热心的，不真心的"
broach,"vt.开启，启封；
vt.提出讨论"
bromide,n.陈词滥调
brook,"vt.忍受，容许；
n.小溪流"
browbeat,vt.恐吓
bruit,vt.（未经证实地）散播（消息）
buck,"v.阻止，反对；
v.转移，交接"
budge,"v.（使）改变立场或态度；
v.停止抵抗，屈服"
bulge,"n.凸起；
n.比赛中的优势地位；
n.暴涨，突增，在数目或数量上突然而且是临时性的增加；
vi.充满"
bully,"n.欺凌弱小者；
adj.最好的，最棒的"
bumptious,adj.专横傲慢的，自以为是的
bungle,vt.办糟，失败
buoy,vt.使充满勇气和力量，使振作
buoyant,"adj.有浮力的；
adj.心情好的"
burgeon,vi.迅速成长扩大，蓬勃发展
burlesque,n./v.夸张滑稽地模仿以嘲弄他人的文学艺术作品，恶搞
burnish,v.擦亮，磨光
buttress,"n.扶墙；
vt.为…提供支撑的证据或者信息"
byzantine,adj.错综复杂的
cache,"n.囤货，藏货；
v.隐藏"
cachet,"n.同意；
n.声望"
cacophony,n.刺耳的声音
cadge,v.乞讨，乞求
cajole,v.哄骗
calcify,vt.使僵化
calibrate,"vt.调整，使标准化；
vt.（根据标准）精确测量"
calligraphy,n.（优美的）书法
callous,"adj.无同情心的,冷漠的"
callow,adj.不老练的，不成熟的
calumniate,v.诽谤，造谣，中伤
camaraderie,n.友情
cameo,"n.栩栩如生的描绘，简洁生动的描述或刻画；
v.客串"
camouflage,v./n.伪装；伪装手段
canard,n.谣传，误传
candor,n.坦白，直率，诚挚
canon,"n.准则，标准；
n.真经，正典"
canvass,"v.仔细检查，详尽讨论；
v.游说，去（一个地区）的各处或找到（个人）来拉选票或订单"
capitulate,v.投降，默许
caprice,"n.一时冲动的决定；
n.反复无常，善变"
captivate,vt.吸引
cardinal,adj.主要的，非常重要的
careworn,adj.忧心忡忡的，焦虑的
caricature,"n.用讽刺歪曲等手法的夸张，漫画，讽刺画；
v.嘲笑性模仿或夸张"
carnal,"adj.肉体的，物质的；
adj.世俗的"
carouse,vi.畅饮，狂饮作乐
carp,vi.对小事吹毛求疵，挑剔，表现不满
carve,"v.雕刻；
v.（通过长期不懈努力）开创，开拓"
cast,"n.演员，演员阵容；
vt.选派（演员）；
vt.提出；
v.抛弃"
castigate,"vt.强烈（公开）指责；
vt.惩罚"
catalyze,vt.成为…的导火索，导致
catastrophe,"n.大灾难；
n.彻底的失败"
categorical,adj.没有例外的，无条件限制的；绝对的
catholic,adj.普遍的，包容的
caustic,"adj.腐蚀性的；
adj.挖苦讽刺的，刻薄的"
caveat,n.警告，告诫
cavil,v.挑剔，吹毛求疵
cavort,vi.欢快地蹦跳或行走，雀跃
cede,vt.（根据条约）放弃，割让
cement,n./v.粘合，粘合剂
censor,vt.审查并删除不良的东西
censorious,adj.挑剔指责的
censure,v.公开表示反对，谴责
census,n.人口普查
cessation,n.终止，暂停
chaff,v.开玩笑
chagrin,n.（因为失败、出糗而导致的）不安，焦虑
chameleon,n.变色龙，善变的人
champion,vt.支持
chaos,n.混乱
charade,"n.装模作样；
n.动作字谜"
charlatan,n.骗子，装懂的人
chary,adj.非常谨慎的
chase,"v.镂雕（金属）以装饰；
v.驱赶"
chasm,n.分歧，（意见、利益或忠诚上的）明显差异
chauvinistic,adj.盲目爱国的
check,"vt.使突然停止，阻止；
v.同意，一致"
cherubic,adj.天使般可爱的
chicanery,n．诡计多端，欺骗
chide,v.责备
choleric,"adj.易怒的，暴躁的；
adj.生气的"
chord,vi.与…和谐一致；符合
chromatic,adj.彩色的
chronic,"adj.经常发生的，复发的；
adj.习惯性的，不可能改变的"
churl,"n.粗野的人；
n.吝啬鬼"
cipher,"n.无影响或无价值的人；
v.计算（价值）；
n.密码"
circuitous,"adj.迂回的，不直接的；
adj.冗长的"
circumlocution,"n.绕圈子的说话；
n.冗长"
circumscribe,"vt.限制；
vt.包围，围绕"
circumspect,adj.谨慎的，小心的
circumvent,vt.躲避，不遵从
civility,n.彬彬有礼
claim,"n./v.要求（权利）；
vt.断言；
vt.剥夺生命；
n.权利"
clandestine,adj.隐藏的，秘密的
clarion,adj.清楚响亮的
clarity,"n.清晰，清楚；
n.清澈透明"
clasp,n./v.紧握
clement,"adj.宽容的，善良的；
adj.气候温和的"
cliché,n./adj.陈词滥调（的）
clog,"n.阻碍物；
v.阻碍；
v.堵塞"
clot,"n.密集的一群；
v.堵塞；
v.凝结"
cloudburst,n.突然一场暴雨
clout,n.权力，影响力
cloying,adj.甜得发腻的；感情用事的
clumsy,"adj.笨拙的；
adj.不文雅的；
adj.不精致的"
coagulate,v.（使）凝结，（使）变稠
coalesce,"v.合并,融合"
coax,v.哄骗
coda,n.终曲
coerce,vt.（以武力）强制
coeval,adj.同时代的，同龄的
cogent,"adj.令人信服的；
adj.相关的"
cognizant,adj.知道的，意识到的
collapse,"vi./n.突然倒塌或收缩；
n.完全耗尽体力；
v./n.失败"
collude,v.串通，共谋（做坏事）
colossal,adj.巨大的
coltish,"adj.不守纪律的；
adj.爱开玩笑的"
coma,"n.昏迷，深度无知觉；
n.迟钝，冷漠"
combustible,"adj.可燃的；
adj.容易激动的"
comely,adj.漂亮的，吸引人的
comity,n.友好，社会和谐
commencement,"n.开始；
n.毕业典礼"
commend,"vt.赞扬；
vt.委托保管；
vt.推荐"
commensurate,"adj.同样大小的；
adj.相称的，相当的"
commingle,v.充分混合
commitment,"n.致力，投入；
n.确信；
n.承诺，表态"
committed,adj.忠诚的，忠实的
commodious,adj.宽敞舒适的
commonsensical,adj.符合常识的，有依据的
commotion,n.骚乱
compendium,"n.摘要；
n.目录： 各种项目的列表或集合"
complacency,n.自满，无忧患意识
complaisance,n.愿意顺从，讨好，彬彬有礼
compliant,adj.顺从的
compliment,"n./vt.称赞，恭维；
n.敬意，免费赠送的礼物"
comply,vi.遵从
compose,"vt.使镇定；
v.组成，构成"
compound,"n.混和物；
adj.混合的；
vt.混合；
v.扩大，增多；
v.和解"
compress,vt.压缩（体积）
compromise,"v.妥协；
vt.使危险"
compunction,n.焦虑，内疚，良心不安
concatenate,v.连结，混合
concave,adj.凹的
conceal,v.隐藏，隐瞒
concede,"vt.承认；
v.停止抵抗"
concentrate,"v.集中；
vt.浓缩；
v.聚集"
concerted,adj.共同完成的
conciliate,"v.平息，抚慰；
vt.调解"
concise,adj.简洁的
concord,n．一致，和睦
concur,"vi.同意；
vi.同一时间发生、存在；
vi.团结合作"
condescending,adj.摆出高人一等的姿态的
condign,adj.应得的，恰当的
condole,vi.表达同情
condone,vt.宽恕；忽视
conducive,adj.有益的，有促进作用的
confident,adj.有信心的，自信的
confine,"vt.禁闭，监禁；
vt.限制"
confluence,n.汇合，混合
confound,"vt.使困惑；
vt.无法区分，混淆；
vt.证明为假，证伪"
confront,vt.直接对抗，直面
congeal,v.凝固，固化
congenial,"adj.和善的，友好的；
adj.令人愉悦的"
congruent,"adj.和谐一致的；
adj.全等的"
conjecture,"n.推测，猜测；
v.猜测，估计（大小、数量等）；
v.（没有依据地）认为"
connive,"vi.暗中合作，共谋；
vi.纵容：假装忽视或并未采取措施阻止错误"
connoisseur,"n.鉴赏家（尤指艺术领域）；
n.专家"
conscientious,"adj.仔细的，一丝不苟的；
adj.有良心的，正直的"
consensus,n.一致同意
consequence,"n.结果；
n.重要性，价值"
conservative,"adj.守旧的，不愿改变的；
adj.不招摇的，低调的；
adj.谨慎小心的"
conservatory,"n.温室；
n.艺术学院"
conserve,vt.保存，避免浪费
considerable,"adj.（数量上）可观（而值得注意）的；
adj.值得考虑的，重要的"
console,vt.安慰，藉慰
consolidate,"vt.使联合，统一；
vt.加固，使安全"
consonant,adj.和谐一致的
conspicuous,adj.显而易见的；吸引人的
conspire,v.合谋，密谋
constitute,"vt.指派，任命；
vt.构成"
constrain,"vt.限制；
vt.使人屈服于（压力、感情等）"
constringe,vt.使紧缩
construct,"vt.建造，建立；
vt.创造，想出"
consummate,"adj.专业的，有造诣的；
adj.无纰漏的，完美的；
adj.最高档次的，最大规模的"
contagious,"adj.传染的；
adj.（情绪等）唤起共鸣的"
contaminate,vt.污染，感染
content,"vt.使满足；
n.主题；
n.内容，内涵"
contentious,"adj.引起争论的；
adj.好争论的，好战的"
contiguous,adj.接壤的，相邻的
contort,vt.扭曲
contract,"n.契约，合同；
v.收缩；
v.感染疾病"
contravene,vt.违反，反对
contrite,adj.（因为有罪孽或过错而感到）后悔悲痛的
contumacious,adj.不服从的，倔强的
conundrum,n.无法解决的问题，迷
convalesce,vi.渐渐康复，渐愈
convenience,n.便利，方便
convention,"n.常规，习俗；
n.公约，协议；
n.大会，集会"
converge,v.汇集，交汇于一点
conversant,adj.熟悉的
convert,"n.被改变宗教信仰的人；
vt.使改变信仰；
vt.改变，转化"
convex,adj.凸起的
convey,"vt.运输；
vt.传递，交流"
conviction,"n.深信，确信；
n.证明有罪"
convoke,v.召集开会
convoluted,adj.复杂的，费解的
convulsion,"n.痉挛（强烈的、无法控制的肌肉收缩）；
n.骚乱"
coop,vt.监禁，困于…之中
copious,adj.丰富的，大量的
coquette,"n.调情的女子；
v.调情；不认真对待"
cordon,"n.警戒线；
v.围成一道防线"
cornucopia,n.大量
coronation,n.加冕，加冕礼
corporeal,"adj.肉体的；
adj.有形的，实体的"
corroborate,"vt.用证据或权威证实；
vt.为…提供证据，支持"
corrosive,"adj.腐蚀性的；
adj.讽刺性的"
corrugated,adj.褶皱的
cosmopolitan,adj.有世界性眼光的，包容的
cosset,vt.宠爱
countenance,"vt.容忍；
vt.赞成，推崇；
n.沉着，冷静"
counterfeit,"adj.仿制的，假冒的；
vt.仿制；
vt.伪装成"
countermand,vt.取消，撤销
court,vt./n.追求，献殷勤
covert,"adj.隐蔽的，秘密的；
n.隐秘掩护所"
covetous,adj.贪婪的，渴求财富的
cow,vt.恐吓，威胁
cowardice,n.懦弱，不坚定
cower,vi.畏缩
cozen,v.诱骗
cramped,n.狭小的，狭窄的
crass,adj.粗俗的，愚钝的
crave,vt.热望
craven,adj.非常懦弱的，因胆小而遭人鄙视的
crease,n.折痕
credence,n.坚信
credulous,adj.轻信的，易受骗的
creek,n.小溪，小河
creep,"vi./n.缓慢地行进；
vi.匍匐前进"
crescendo,"n./v.（声音）渐强；
n.（渐强之后到达的）顶峰"
crest,n.顶部，浪尖，山顶
crestfallen,adj.垂头丧气的，沮丧的
cronyism,n.任人唯亲，对好朋友的偏袒
crook,vt.使弯曲
croon,v.低声歌唱或说话
crouch,v.蹲伏
crucial,adj.非常重要的，决定性的
crumple,"v.弄皱；
v.（因外力挤压而）垮塌"
crutch,n./v.支撑，支柱
crux,n.中心，关键点
cryptic,"adj.秘密的；
adj.含义模糊的；
adj.超出理解能力的"
culpable,adj.该受谴责的，有罪的
cultivate,"vt.提升，加强；
vt.种植，培养"
cumbersome,adj.笨重的，难处理的
cunning,"adj.狡猾的；
adj.（手工）灵巧的；
n.欺诈，欺骗"
curmudgeon,n.脾气坏的、爱抱怨的人
cursory,adj.匆忙的，不注意细节的
curt,"adj.言词简略的，直接（以至显得粗鲁）的；
adj.言简意赅的"
curtail,vt.缩短，削减
cynic,n.愤世嫉俗者
dabble,vi.涉猎，对…浅尝辄止
daft,"adj.神经错乱的；
adj.不明智的"
dais,n.主席台，嘉宾席
dally,"vi.虚度时光；
vi.玩乐；
vi.慢吞吞，磨磨蹭蹭"
damper,n.抑制因素
dandy,"n.纨绔子弟，爱打扮的人；
adj.最佳的，最好的"
dank,adj.阴湿的
dapper,adj.衣冠整洁的
dappled,"adj.有斑点的，花的；
adj.色彩斑斓的"
daredevil,"adj./n.大胆鲁莽的（人）；
adj.不考虑后果的"
dart,"vi.突然移动，猛冲，狂奔；
n.公开侮辱"
daunt,vt.使胆怯，吓倒
dawdle,"v.闲荡，虚度光阴；
v.拖拖拉拉"
deadpan,n.无趣的，无生气的，不活泼的
dearth,n.供应不足
debacle,n.溃败
debark,v.（使）下船（飞机、车等）；卸（客、货）
debase,v.贬低，贬损
debilitate,vt.使衰弱
debris,n.废墟
debunk,"vt.揭穿…的真面目；
vt.证明…为假"
debut,n.初次登台，出道
decadence,n.衰落，颓废
decant,vt.轻轻倒出
decipher,"vt.破译；
vt.对…有清晰想法，理解，解读"
decode,"vt.解码；
vt.对…有清晰想法，理解，解读"
decorum,n.礼仪，得体
decrepit,adj.虚弱的，衰老的，破旧的
default,n.不履行义务，玩忽职守
defer,"v.推迟，延期；
vi.遵从"
deference,n.尊崇，顺从
deficiency,n.缺乏，不足
defile,"n.（山间）小道；
vt.亵渎；
vt.使腐坏，污损"
deft,adj.灵巧的，熟练的
defuse,vt.抚慰，减轻
defy,vt.反抗，违抗
dehydrate,"vt.去除水分，使干燥；
v.使失去活力"
deify,"vt.把…当作神来崇拜；
vt.过分喜爱；
vt.尊敬，尊崇"
deject,vt.使沮丧
deleterious,adj.有害的
deliberate,adj.深思熟虑的
delicacy,n.（外貌、结构等）精致
delirium,n.精神错乱；极度兴奋，发狂
deluge,"n.大暴雨；
n.大量"
delusion,n.错觉，妄想
delve,v.探究，钻研
demagogue,n.蛊惑民心的政客
demanding,"adj.难取悦的，难满足的；
adj.费时间花心思的"
demolition,n.破坏，毁坏
demonstrate,"vt.（通过证据）证明，表明；
vt.使明白易懂；
vt.表现，表露"
demoralize,"vt.使士气低落；
vt.贬低，使堕落"
demotic,adj.通俗的，大众化的
demur,"n./vi.表示异议，反对；
n.犹豫"
denigrate,vt.诋毁，污蔑
denouement,n.（小说的）结局
denounce,"vt.公开指责；
vt.宣称…道德上错误、可耻"
dent,"n.凹陷，凹痕；
vt.（数量、程度上）削弱"
denude,vt.脱去，使赤裸
deplete,vt.耗尽，使衰竭
deplore,vt.哀悼
deploy,v.（有目的地）展开；调度，部署
deportation,n.放逐
depose,"vi.宣誓作证；
vt.废黜，罢免；
vt.摆放"
deposit,"n.自然积累，沉积，矿藏；
vt.存钱"
depravity,n.道德败坏
deprecate,"vt.不喜欢；
vt.贬低，轻视；
vt.降低…的重要性，使低调"
depreciate,"vt.贬低…的价值；
vt.轻视"
depressed,"adj.不开心的，情绪不高的，消沉的；
adj.生活境况悲催的"
deprivation,n.匮乏
deracinate,vt.根除
derelict,"adj.玩忽职守的，不认真的；
n.被社会遗弃的人"
deride,vt.嘲弄，嘲笑
derivative,adj.非原创的
descend,"v.下降；
v.世代相传"
descendant,n.后代
desecrate,vt.亵渎，玷污
desiccate,"vt.使（食物）脱水以保存，使干燥；
vt.使缺乏活力"
designate,"vt.任命；
vt.命名"
despicable,"adj.令人鄙视的；
adj.不荣耀的，不得体的"
despise,vt.极其不喜欢
despotic,adj.专制的，暴虐的
desultory,"adj.无计划的，无目的的；
adj.令人失望的"
detach,vt.使分离
detain,vt.拘留，扣留
deter,vt.吓住，威慑
deterioration,n.恶化；堕落
detour,"n.偏离正常标准；
v.改变方向或者路线，绕道"
detract,"vt.贬低，降低价值；
vt.使分心"
detritus,n.废品，碎屑，遗骸
devoted,"adj.投入的；忠诚的；
adj.示爱的，恩爱的"
devout,"adj.（对于宗教）虔诚的；
adj.忠诚的"
dexterous,"adj.动作灵活的；
adj.头脑灵活的"
diabolic,adj.恶魔一般的
diaphanous,"adj.模糊的；非实在的；
adj.（质地精致得）几乎透明的"
diatribe,"n.长篇抨击性演讲；
n.挖苦，讽刺的指责"
didactic,adj.喜欢说教的
diehard,"adj.顽固的，保守的
n.顽固的人，保守的人"
diffident,"adj.不自信的；
adj.内向的"
diffuse,"adj.啰嗦的；
adj.不集中的，扩散的；
v.扩展，散开"
digress,v.脱离主题
dilapidate,v.（使）荒废
dilate,"v.（使）膨胀，扩大；
v.详细表达"
dilatory,adj.拖延的，磨蹭的
dilettante,n./adj.业余爱好者（对艺术或知识领域涉猎浅薄者）/缺乏专业技术的
diligent,adj.勤勉的，辛勤的
dilute,"vt.稀释/adj.经稀释的；
vt.削弱"
diminish,"v.（使）变小，（使）减少；
v.轻视，贬低"
din,"n.喧闹声，嘈杂声；
v.重复，使人厌烦地反复灌输"
dingy,adj.昏暗的；肮脏的
diocesan,adj.主教管辖区的
diplomatic,adj.使用策略的，机智的
dire,"adj.不吉利的，不祥的；
adj.可怕的，恐怖的；
adj.迫切的；
adj.悲惨的"
dirge,n.挽歌
disabuse,vt.打消错误念头，纠正
disaffected,adj.不满的，叛逆的
disarm,"v.解除武装；
vt.使息怒，平息，抚慰；
vt.使无害"
disarray,"n.混乱，无秩序；
vt.使混乱"
disavow,vt.拒绝承认，否认
discern,v.识别，辨别差异
discharge,"vt.解雇；
vt.释放；
n.不承担责任"
disciple,n.信徒，追随者
discombobulate,vt.使不安，使混乱
discomfit,"vt.使尴尬；
vt.阻碍"
discommode,vt.打扰，使不便
discompose,"vt.使不安；
vt.使混乱"
disconcert,vt.使不安
discord,n.意见不一致，不和谐
discredit,"vt.羞辱，使丧失名誉；
vt.怀疑，不相信"
discrepancy,n.（在事实和宣称之间的）差异或矛盾
discrete,adj.离散的，不连续的
discretion,"n.谨慎；
n.自制，节制"
discretionary,adj.自主决定的
discriminate,"vt.区分；
vi.歧视"
discursive,adj.（谈话内容）杂乱的
disdain,vt.轻视，鄙视
disengage,vt.分开，使脱离
disgorge,"v.呕吐出；
v.被迫放弃"
disgruntle,"vt.使发怒，使不满意；
vt.使疏远，使不友好"
disguise,"vt.伪装（防止被认出）；
vt.隐藏，掩饰"
disinclination,n.不喜欢，厌恶，不情愿
disinfect,vt.消毒，使无菌
disinter,vt.（从墓地里）掘出
disinterested,"adj.公正的，无偏见的；
adj.没有兴趣的"
disjointed,"adj.机能失调的；
adj.不连贯的"
disjunctive,adj.分离的
dismantle,vt.分解，分拆
dismay,"vt.使失去勇气；
vt.使不安，使焦虑"
disparage,vt.贬低；轻蔑地说
disparate,adj.迥然不同的
dispassionate,adj.客观公正的，不易被情绪或偏见影响的
dispatch,"n.迅速；
vt.发送，派遣；
vt.使死亡；
vt.获胜，胜过…"
dispose,"vt.使倾向于；
vi.处理掉（与of连用，disposeof）；
vt.有序地布置"
disregard,"vt.漠视，不关注；
n.缺乏兴趣，缺乏关心"
dissect,"vt.仔细分析；
vt.切成片（尤其是为了解剖研究）"
dissemble,v.用假象隐藏真相，掩饰
disseminate,vt.散播，传播
dissension,n.意见不合
dissent,"vi.持异议，不同意；
n.反对正统；
n.意见不一致，不和谐"
dissipate,"vt.驱散；
vt.浪费；
vi.放纵"
dissolute,adj.放荡的，无节制的
dissolve,"v.溶解，融化；
v.解散；
v.驱散；（使）消失；
v.废除，撤销"
dissonance,n．（音调）不和谐；不一致，分歧
dissuade,vt.劝阻，反对
distain,"vt.贬损，伤害（某人的）名誉；
vt.弄脏"
distal,adj.远离中心的，（神经）末梢的
distend,v.（使）膨胀
distill,"vt.对…用蒸馏法提高纯度；
v.（使）渗出；（使）滴下"
distort,vt.扭曲，歪曲
distract,"vt.转移（注意力），使分心；
vt.使焦虑，使不安；
adj.疯狂的"
distraught,adj.精神狂乱的，极疯狂的
diurnal,"adj.白天发生或行动的；
adj.每天的；
adj.期刊"
diverge,"vt.改变方向；
vt.（使）分叉，散开；
vi.分歧；
vi.离题"
diversity,"n.多样性；
n.分歧，不同点"
divert,"vt.使转向；
vt.使消遣；
vt.使分心"
divestiture,n.剥夺
divulge,vt.泄漏（秘密）
dodder,vi.蹒跚，颤巍巍地行进
dodge,v.躲避
doff,vt.脱下
dogged,"adj.坚持的，坚决的；
adj.固执的，任性的"
dogma,n.教条，信条
doldrums,"n.低迷，中断；
n.情绪不佳"
dolorous,adj.忧伤的
dolt,n.笨蛋
domicile,"n.住所，住宅；
vt.为…提供住处"
dominant,"adj.处于支配地位的；
adj.（基因）显性的"
don,vt.穿上
donor,n.捐赠人，给体
doodle,"vi.（无目的地）乱涂乱画；
vi.漫无目的地打发时光"
dormant,"adj.静止的，不活跃的；
adj.（动物）冬眠的"
dour,"adj.闷闷不乐的，死气沉沉的；
adj.严厉的"
douse,"vt.熄灭；
vt.弄湿"
downplay,vt.轻描淡写，不予重视
downpour,n.倾盆大雨
doyen,"n.有经验的人，资深人士；
n.（加入时间较长的）高级会员"
doze,vi./n.小憩
draconian,adj.极其残酷的；十分严厉的
drawl,v.慢吞吞地说
dreary,"adj.单调乏味的；
adj.令人不悦的"
drench,vt.使湿透，浸透
drivel,"n.胡言乱语；
v.胡言乱语，说傻话"
drizzle,vi./n.（下）细小、轻柔、似雾的雨，毛毛雨
droll,adj.古怪有趣的，离奇可笑的
drone,"v.低沉单调地说；嗡嗡地叫；
n.（昆虫振翅般）单调嗡嗡的声音；
vi.混日子"
drudgery,n.苦工；单调、卑贱或无趣的工作
dubious,"adj.充满不定性的，值得怀疑的；
adj.（对事实等）持怀疑态度的；
adj.迟疑不决的，不愿行动的"
ductile,"adj.可塑的，有延展性的；
adj.易受影响的"
dulcet,adj.悦耳的，令人愉悦的
dullard,n.笨蛋
dupe,"n.复制品，复制；
n.易受骗的人；
vt.欺骗"
duplicity,n.欺骗，口是心非
dwindle,vi.逐渐减少
dyspeptic,"adj.脾气坏的；
adj.消化不良的"
earnest,adj.严肃认真的
earshot,n.听力所及的范围
earsplitting,adj.震耳欲聋的
eavesdrop,vi.偷听
ebullient,adj.热情奔放的
eccentric,adj.行为出格的，不循规蹈矩的
éclat,n.辉煌成就
eclipse,"n.下降，衰退；
vt.使声望下降，使黯然失色；
vt.（在数量、品质上）超越"
ecstasy,"n.无法自控的情绪；
n.狂喜"
ecumenical,"adj.全球基督教会的；
adj.世界范围的，普遍性的"
edible,adj.可食用的
edifice,"n.大厦；大建筑物；
n.基础，基本构架"
efface,vt.擦掉，抹去；使不明显
effervesce,"vi.冒泡；
vi.兴奋，热情洋溢"
effete,"adj.衰弱的，衰落的；
adj.缺乏信念的，懦弱的"
effluvium,"n.难闻的气味；
n.没用的副产品，废品"
effrontery,n.厚颜无耻，放肆大胆
effulgent,adj.光辉灿烂的
effusive,adj.感情泛滥的/溢于言表的；感情表达不节制的/过度的；过分多情的
egalitarian,adj.平等主义的
egoistic,adj.利己的，以自我为中心的
elaborate,"adj.详细的，复杂的；
vt.详细阐述"
elastic,"adj.有弹性的；
adj.能（迅速从伤痛中）恢复的"
elate,vt.使开心，使自豪
eleemosynary,adj.慈善的
elegy,n.哀歌（诗），挽歌（诗）
elephantine,"adj.巨大的；
adj.笨拙的"
elevate,"vt.（在道德、智力、文化水平上）提升；
vt.使兴奋"
elicit,vt.激起，唤起
elliptical,"adj.含糊不清的；
adj.椭圆的"
elucidate,v.阐明
emaciate,"vt.使消瘦，使衰弱；
vt.削弱"
emancipate,vt.解放，解除束缚
embargo,n.贸易禁止令
embark,"vi.上船；
vi.开始从事"
embarrass,"vt.使尴尬；
vt.阻挠，制造障碍"
embed,vt.嵌入
embezzle,vt.盗用
embolden,vt.鼓励，使大胆
emboss,vt.以浮雕效果妆点，装饰
embrace,"vt.乐于接受；
vt.包围"
embroider,v.（时常伴有夸张和想象内容地）详细说明
emigrate,vi.移民，移居海外
eminent,adj.杰出的
emollient,adj.起缓和作用的
emulate,vt.效仿并努力超越
enact,vt.制定或颁布（法律）
enamel,"vt.涂亮漆；使具有光滑或亮泽的表面；
vt.用亮丽的表面装饰"
encomium,n.赞颂之词
encompass,"vt.组成，包含；
vt.包围"
encumber,"vt.阻碍；妨碍；
vt.给…增添负担"
endemic,adj.地方性的
endorse,vt.公开支持，推崇
enervate,"vt.使衰弱；
vt.使麻木"
enfranchise,"vt.给予…权利（例如选举权）；
vt.解放"
engender,"vt.引起，使发展；
vi.产生，出现"
engross,vt.使全神贯注
enigma,n.难以理解或解释的事物，谜
enlighten,"vt.使知道，启发；
vt.（在道德或精神上）进行教育"
enmity,n.敌意
ennoble,vt.使尊贵
ennui,n.倦怠；缺乏兴趣
ensconce,"vt.安置；
vt.隐藏"
ensemble,n.合唱，合奏曲
ensue,vi.紧随其后
entangle,"vt.使卷入，使纠缠；
vt.使变复杂或困难"
enthusiasm,n.热情，兴趣
entice,vt.诱使
entrance,"n.进入权，进入许可；
vt.使入迷"
entrap,vt.诱骗
entreat,vt.恳求
enunciate,"v.清晰地说；
vt.公开宣布，宣称"
ephemeral,adj.短暂的
epic,adj.宏大的，超凡脱俗的
epicure,n.美食家
epigram,n.机智的短诗，警句
epilogue,"n.文学作品的结局；
n.戏剧的收场白"
epithet,n.外号，绰号
epitomize,"vt.摘要，概括；
vt.代表，体现，是…的典型范例"
equable,adj.（脾气、性情）温和的
equity,n.不偏不倚，公平
equivalent,adj./n.等价的，相等的
equivocate,vi.（带有欺骗目的地）模棱两可地说，说谎话
erode,v.侵蚀，慢慢减少
errant,"adj.居无定所的；
adj.误入歧途的，犯错误的"
erratic,"adj.善变的；
adj.异常的，不同寻常的"
erudite,adj.博学的
escalate,v.（使）（战争等）升级，扩大
eschew,vt.刻意避开；戒绝
esoteric,"adj.深奥难懂的；
adj.少数人知道的"
espouse,"vt.支持；拥护；
vt.与…结婚"
esteem,n./v.尊重
estimable,adj.值得尊敬的
estrange,vt.使疏远，离间，使感情失和
etch,"v.蚀刻；
v.留下深刻印象，铭记"
eternal,adj.永恒的
ethereal,"adj.轻巧精致的；
adj.天国的；
adj.非物质的，精神（上）的"
ethics,n.道德规范
eulogize,vt.称赞；颂扬
euphemism,n.婉言，委婉的说法
euphonious,adj.悦耳的
euphoria,n.感觉极其愉快
evacuate,"vt.撤空；
vt.撤退"
evanescent,adj.逐渐消失的，短暂的
evasive,adj.难以发现、捕捉、分离的；含糊其辞的
everlasting,adj.永恒的，持久的
evict,vt.赶出，逐出
evince,vt.表明
evoke,vt.唤起，引发
exacerbate,"vt.使加剧,使恶化"
exacting,"adj.严格的，苛求的；
adj.费时间花心思的"
exalt,"vt.提升，提拔；
vt.赞扬"
exasperate,vt.激怒
excavate,v.挖掘，挖空
exceptional,adj.例外的，特别的，非凡的
excoriate,vt.严厉批评
excrete,vt.排泄
excruciate,vt.折磨，使痛苦
exculpate,vt.声明无罪；开脱，使无罪
excursive,adj.离题的；散漫的
execrate,"v.谴责；
v.痛恨"
exemplary,"adj.榜样的，值得效仿的；
adj.作为警告的"
exempt,vt.使免除
exhaust,"vt.耗尽；
vt.使筋疲力尽"
exhilarate,vt.使高兴；使兴奋
exhort,vt.敦促，力劝
exigent,adj.紧急的
exodus,n.大批离去
exonerate,vt.免除责备
exorbitant,adj.过度的
exotic,adj.外来的，不同寻常的
expansive,"adj.广阔的；
adj.话多的，健谈的"
expedite,vt.加快进程
expedition,n.动作迅速
expiate,vt.赎罪，纠正
expire,"v.断气，死亡；
v.到期"
explicit,"adj.表达清晰的；
adj.成熟的，完全形成的"
exploit,"n.英雄行为；
vt.最大程度地利用"
exponent,"n.倡导者，支持者；
n.实践者，典型代表"
expurgate,vt.净化（书等），删去（不当处）
exquisite,"adj.程度强烈的；
adj.精致精巧的"
extant,adj.现存的
extemporize,v.即兴表现
extenuate,vt.减轻罪过
extinct,adj.灭绝的
extinguish,"vt.熄灭；
vt.终止"
extol,vt.赞美；吹捧
extort,vt.勒索
extract,vt.用力拔出
extraction,n.血统
extraneous,"adj.无关的；
adj.非主要因素的"
extravagant,"adj.挥霍的；
adj.过度的，不必要的"
extricate,vt.使解脱，救出
exuberant,"adj.非常高兴的，热情洋溢的；
adj.大量的，充分的"
exude,v.分泌，流出
exult,vi.感到欢喜
fable,"n.寓言故事；
n.神话，传说；
n.谎言，虚构"
fabricate,"vt.捏造；
vt.搭建，组建；打造"
facetious,adj.喜欢开玩笑的，轻浮的
facile,"adj.表面的，浅尝辄止的；
adj.容易的，唾手可得的"
facilitate,vt.使变容易，促进
faction,n.派系
fail-safe,"n.保险措施；
adj.万无一失的"
fallacious,"adj.谬误的，不合逻辑的；
adj.欺骗性的"
fallow,"adj.休耕的；
adj.闲置的"
falsehood,n.谎言
falter,"vi.蹒跚；
vi.犹豫，踌躇"
fanatic,"n.狂热者；
adj.狂热的；盲信的"
fantasy,"n.幻想；
vt.产生幻想"
farce,"n.（带有嘲讽元素的）滑稽戏；
n.闹剧"
fascinate,vt.强烈吸引，使入迷
fast,"n.绝食；斋戒；
adj.快速的；
adj.忠诚的；
adj.稳固的，难以拆卸的"
fastidious,adj.挑剔的，极仔细的，追求完美的
fateful,"adj.意义重大的；
adj.带来灾难的，毁灭性的"
fathom,"vt.测量（深度）；
vt.彻底理解，弄懂"
fatigue,"n.疲惫；
n.（让人厌倦的）苦差事"
fatuous,adj.愚笨的，昏庸的
faultfinder,n.吹毛求疵的人
favorable,"adj.赞许的；
adj.有利的"
fawn,vi.阿谀奉承
faze,vt.打扰，使尴尬
feckless,"adj.无成果的，没有价值的；
adj.粗心不负责任的"
fecund,adj.多产的，肥沃的
feeble,adj.衰弱的
feign,vt.制造假象，装出…的样子
fender,n.缓冲装置
feral,"adj.野生的；
adj.动物性的"
fertilize,vt.使肥沃，使多产
fervid,"adj.酷热的；
adj.热情的"
fervor,n.热情，狂热
fester,v.感染，溃烂，腐烂
fetid,adj.恶臭的
fetter,"n.枷锁，限制；
vt.束缚"
fiasco,n.大失败
fickle,"adj.易变的；
adj.不忠诚的"
fictitious,adj.虚构的
fidelity,n.忠诚
figurative,adj.比喻的
figurine,n.小雕塑
filibuster,n./v.拖延议事
filter,"v.过滤；
v.去除杂质"
finale,n.终场，结局
finesse,"n.娴熟技巧；
v.精心策划；
v.（巧妙地）躲避"
finicky,adj.过分讲究的，挑剔的
flaccid,adj.不结实的，松弛的
flag,"n.旗帜，象征；
vi.变得衰弱"
flamboyant,adj.艳丽夺目的，炫耀的，充满装饰的
flatter,"vt.拍马屁，奉承，讨好；
vt.自我感觉良好；
vt.使显得更漂亮"
flaw,"n.瑕疵，缺点；
v.降低，破坏，使不完美"
fledgling,n.新手
fleet,"n.舰队，车队；
adj.迅速的；
vi.快速通过"
flexible,"adj.灵活的，可变的；
adj.易受影响的"
flinch,vi.畏缩；退缩
flippancy,n.轻率，无礼
flirt,"vi.调情；
vi.无规则地快速运动"
flit,vi.快速或突然地经过
flock,"n.人群，兽群；
vi.聚集，集体行动"
florid,"adj.辞藻华丽的，花哨的；
adj.装饰华丽的"
flounder,vi.笨拙地行动，挣扎
flourish,"vi.茂盛；繁荣；
n.装饰"
flout,n./v.嘲弄性不理会，蔑视
fluctuate,vi.波动，无规则地变动
fluent,"adj.表达流利的；
adj.不费力的"
fluky,"adj.侥幸的；
adj.偶然的"
flush,"adj.（肤色）健康红润的；
adj.富有的；
adj.大量的；
vi.冲洗"
fluster,vt.使慌乱
foible,n.小缺点
foil,vt.挫败
foment,vt.助长，煽动
foolproof,adj.十分简单以至于不会失败的
footloose,adj.无拘无束的，自由的
forbearance,"n.克制；忍耐；
n.友好仁慈的态度"
forebear,n.祖先
forestall,vt.预先阻止
foreword,n.前言
forge,"v.伪造；
v.锻造，铸就"
formidable,"adj.令人害怕的；
adj.艰难的"
forthright,"adj.直率的，说话率真的；
adj.直接的，不绕弯子的"
fortify,"vt.加固，鼓励；
vt.做好心理准备"
foster,"vt.促进，鼓励，培养；
vt.养育"
founder,"n.建立者；
vi.完败；
vi.沉没"
fracas,n.争吵，吵闹
fracture,"n.破裂；
vt.打碎，破坏"
fragile,"adj.易碎的；
adj.易受伤的，脆弱的"
frail,"adj.虚弱的；
adj.（意志）薄弱的；
adj.（希望）渺茫的"
fraudulent,adj.欺诈的
fraught,"adj.充满的；
adj.令人忧虑的"
frenzy,n.疯狂，狂怒
frequent,"vt.时常拜访；
adj.时常发生的，重复再现的"
fretful,adj.易怒的，烦躁的
friable,adj.易碎的
friction,"n.摩擦；
n.冲突，不和"
frigid,"adj.严寒的；
adj.冷漠的"
fringe,"n.边缘；
vt.与…接壤，位于…的边缘"
frivolous,"adj.轻浮的；
adj.不重要的"
frothy,"adj.用轻薄材料制作的；
adj.（内容等）欢乐轻佻、不严肃的"
frowsy,"adj.邋遢的；
adj.味道难闻的"
frugal,adj.节约的
frustrate,"vt.挫败，阻挠；
vt.使沮丧"
full-bodied,"adj.重要的；
adj.味道浓烈的"
fulminate,v.大声斥责
fumble,"v.笨拙地做；
n.（无意识的）失误"
furor,n.喧闹，狂怒；激动，狂热
furtive,adj.鬼鬼祟祟的；秘密的
fury,n.暴怒
fussy,"adj.谨慎的；
adj.过分雕琢的；
adj.挑剔的"
fusty,"adj.过时的；
adj.腐臭的"
futile,"adj.无效的，无用的；
adj.不严肃的"
gadfly,"n.刺激物；
n.令人反感的人"
gaffe,"n.（社交上）失礼，失态；
n.明显的错误，错误判断"
gainsay,"vt.否认；
vt.反对"
gall,"vt.（使）焦躁，激怒；
n.深深的敌意；
n.大胆，无耻"
gallant,"adj.英勇的；
adj.高贵的，慷慨的"
galvanize,vt.（好似用电击）刺激
gamble,"v.赌博，孤注一掷；
vi.（使）受到威胁，冒险"
gambol,vi.欢跳，雀跃
gangly,adj.身材瘦长的
garble,"vt.曲解，篡改，混淆（以至使无法理解）；
vt.筛选，除杂"
gargantuan,adj.巨大的
garish,adj.过于鲜艳的，过于张扬的
garment,n.衣服
garrulous,adj.啰嗦的，话多得令人厌烦的
gash,"n.深长的伤口或切口；
vt.砍伤，划开"
gasification,n.气化
gauche,adj.笨拙的，缺乏社交经验的
gaudy,adj.俗丽的
gauge,"n.测量标准；
vt.判定"
gear,v.调整（以配合）
genial,"adj.和蔼亲切的；
adj.友好的，热心的；
adj.温暖的"
genteel,adj.有教养的，不粗俗的
germane,adj.有关的，适当的
gibe,v.嘲弄
giddy,"adj.轻率不严肃的；
adj.喜悦的"
gild,vt.（带欺骗性地）修改，润色
gist,n.要点
gladiator,"n.角斗士；
n.参与打斗或辩论的人"
glaze,"vt.给…上釉，妆点；
vt.使平滑"
glib,"adj.流利圆滑的（常含有不真诚或欺诈的成分），油腔滑调的；
adj.缺乏深度的，肤浅的"
glisten,vi.闪光
glitch,n.小故障
gloat,vi.幸灾乐祸，自鸣得意
gloomy,"adj.黯淡无光的；
adj.忧郁的"
gloss,"n.简短解释；
n.（欺骗性的）光鲜外表；
v.敷衍潦草做事（甚至忽略）；
v.开脱（罪名）"
glossy,adj.平滑的，有光泽的
glut,vt.使过量，使充满
glutinous,adj.胶状的，粘的
glutton,n.贪吃者
goad,vt.刺激，驱使，激发
gobble,vt.狼吞虎咽
goggle,vi.凝视
goldbrick,v.逃避工作和责任
gorge,"n.峡谷；
v.狼吞虎咽"
gossamer,"n.虚无缥缈的东西；
adj.轻薄的；薄弱的"
gourmand,n.嗜食者，大胃王
gourmet,n.美食家
grandeur,n.宏伟，壮丽
grandiloquent,adj.（语言等）浮夸的
grandiose,"adj.自命不凡的，浮夸的；
adj.宏大的"
grandstand,vi.为了给人留下印象而表演，哗众取宠
grate,"v.刮擦（以发出刺耳的声音）；
v.骚扰，惹恼"
gratify,vt.使满足
gratuitous,"adj.无根据的，无理由的；
adj.无报酬的，免费的；
adj.多余的"
green,adj.无经验的
gregarious,"adj.爱社交的；
adj.群居的"
grieve,vt.（使）感到悲伤
grimace,v./n.因痛苦而面部扭曲，（作）怪相，（作）鬼脸
grin,v.咧嘴笑，咧嘴笑着表示
gripe,"vi.抱怨；
vt.（通过连续让人讨厌的举动）激怒，惹怒"
grisly,adj.令人反感的，令人恐惧的
groove,v.享受，极其满意，过得快活
grotesque,adj.难看的
grovel,vi.卑躬屈膝
grueling,adj.费时间花心思的
guile,n.狡猾，狡诈
guilt,n.自责，悔恨
gull,vt.欺骗
gullible,adj.易受骗的，易被利用的
gush,"v.（使）大量涌出；
v.（使）感情强烈外溢"
gust,n.情感爆发
guzzle,v.狂饮
hack,"n.雇佣文人；
v.乱砍；开辟；
vt.成功完成；
v.忍受"
hackneyed,adj.陈腐的，缺乏创新的
halcyon,"adj.宁静的，平静的；
adj.繁荣的，丰富的"
hale,"adj.强壮的，健壮的；
vt.拖，拉"
half-baked,adj.不明智的
hallmark,n.典型的特征
hallow,vt.尊敬，把…视为神圣
hallucination,n.错觉
ham-handed,adj.笨手笨脚的
hammer,v.屡次重申
hamper,vt.阻碍
hamstring,vt.使无效，使无力
hangdog,adj.伤心的，沮丧的
hanker,v./n.向往，渴望
haphazard,adj.无秩序的，无目标的
harangue,v./n.（发表）长篇大论
harass,"vt．烦扰；
vt.耗尽…的体力"
harbinger,n.预言者
harbor,"vt.提供住处，隐匿；
vt.心怀，牢记"
hard-bitten,adj.顽强的，经受得住困境、压力的
hardy,"adj.顽强的；
adj.愿意冒风险的"
harmonious,adj.和谐一致的
harness,vt.利用
harrow,vt.折磨，使苦恼
harry,vt.不断烦扰，骚扰
harsh,"adj.粗糙的，不具有美感的；
adj.严厉的"
hasten,vt.促进
hasty,adj.轻率的
haunt,"vt.常去拜访；
vt.不断地想起，萦绕心头"
hauteur,n．傲慢，自大
haven,n.安全的地方
havoc,"n.大混乱；
n.大范围破坏"
headlong,adj.鲁莽的
hearken,vi.倾听，关注
hearten,vt.给予鼓励，鼓舞
heartrending,adj.令人心碎的
hedonism,n.享乐主义
hegemony,n.霸权，统治权
heinous,adj.可憎的，十恶不赦的
herald,"vt.告知，宣布；
vt.预示，预兆"
heresy,n.异教，和普遍观点相悖的说法
heretical,adj.异教的，异端邪说的
hermetic,adj.深奥的
hesitance,n.犹豫，不情愿
heterodox,adj.非正统的，异端的
hew,"vi.遵守；
v.支持"
hidebound,adj.死板的，极度保守的
hideous,adj.非常丑陋的
hie,vi.匆匆忙忙
hike,v.（使）上涨
hilarious,adj.非常好笑的
histrionic,adj.戏剧的；演员的
hive,"n.忙碌之地；
v.储备，积累"
hoard,v.贮藏，秘藏
hoary,adj.极老的
hoax,n./vt.欺骗
hodgepodge,n.大杂烩
homage,n.尊敬，敬意
homely,adj.其貌不扬的，朴素简单的
homily,n.冗长乏味的道德讲演或训诫
homogenize,vt.使统一化
hone,vt.磨快
hoodwink,vt.欺骗
hortative,adj.鼓励的
hovel,n.茅屋
hubris,n.狂妄自大
humble,"adj.谦逊的；
adj.顺从的，谦卑的"
humility,n.谦卑，谦逊
humor,"n.幽默，令人发笑的事物；
vt.迎合，迁就"
hurricane,"n.飓风；
n.飓风般的事物，引起动荡的事物"
husband,vt.节俭，勤俭持家
husk,"n.（果类或谷物的）外壳；
vt.剥去"
husky,"adj.（尤指声音）沙哑的，粗糙的；
adj.高大威猛的"
hybrid,"n.杂交品种，混合品种；
adj.杂交的"
hymn,"n.赞歌，赞美诗；
v.赞美"
hyperbole,n.夸张
hypnotic,adj.催眠的
hypocritical,adj.虚伪的
iconoclast,n.特立独行的人
idolatrize,vt.（通常盲目）崇拜
idyll,n.无忧无虑的生活
ignite,"vt.点燃；
vt.激起，唤起（感情等）"
ignominy,n.耻辱
illiteracy,n.文盲
illuminate,"vt.照明；
vt.阐明；
vt.启迪，启发"
illuminati,"n.智者；
n.精英"
illusory,adj.幻觉的，虚幻的
imbibe,v.喝水，摄取水分
imbroglio,"n.困境，复杂的局面；
n.纷争"
imitation,n.仿制品
immaculate,"adj.干净的，纯净的；
adj.完美的，没有任何错误的"
immanent,adj.内在的
immaterial,"adj.非实体的；
adj.无关的，不重要的"
immature,"adj.未完全发展的，未发育成熟的；
adj.（思维、举止）不够成熟的"
immemorial,adj.古老的
immune,"adj.不易被感染的，有免疫力的；
adj.不受影响的；
adj.不受约束的，免除的"
immure,vt.监禁，禁闭；使闭门不出
immutable,adj.不可变的
impassive,adj.冷漠的，无感情的
impeccable,"adj.无罪的；
adj.无瑕的，无可挑剔的"
impecunious,adj.贫穷的
impede,vt.妨碍，阻碍
impending,adj.即将发生的
impenetrable,"adj.不可渗透的，不可穿透的；
adj.难以理解的"
impenitent,adj.不悔悟的
imperative,"n.命令；
adj.命令的，强制性的；
adj.迫切的；
adj.必要的"
imperial,"adj.帝国的，帝王的；
adj.巨大的，令人惊叹的"
imperious,"adj.爱发号施令的；
adj.傲慢的，专横的；
adj.迫切的"
impertinent,"adj.无关紧要的；
adj.粗鲁无礼的，大胆的；
adj.不守礼节的，不为他人着想的"
imperturbable,adj.沉着冷静的，淡定的
impervious,"adj.不可渗透的，不可穿透的；
adj.不能被破坏的；
adj.不为所动的"
impetuous,"adj.冲动的，性急的，轻率的；
adj.剧烈的，猛烈的"
impious,adj.不敬神的
implacable,"adj.固执的；
adj.无法平息的"
implement,"n.工具；
vt.执行，实施"
implode,v.（使）剧烈收缩，（使）坍缩，（使）内爆
importune,vt.恳求，迫切请求
imposing,adj.宏伟壮丽的
impostor,n.冒充者
impotent,"adj.无生育能力的；
adj.无力的，无能的"
imprecise,adj.不精确的
impromptu,"n.即席的表演；
adj.即席的，即兴的"
improvise,v.即兴而作
imprudent,adj.不明智的
impudent,adj.放肆大胆的，无礼的
impugn,vt.责难，攻击，抨击
impuissance,n.无权，虚弱
inadvertent,"adj.偶然发生的；
adj.疏忽的，不留意的"
inalienable,adj.不可剥夺的，不能让与的
inane,adj.空洞的
inanimate,adj.无生命的
inaugurate,"vt.使就职；
vt.开始"
incandescent,"adj.明亮灿烂的；
adj.热情饱满的，感情强烈的"
incantation,n.咒语
incarnate,"adj.化身的，人形化的；
vt.使（思想、理论）具化，体现"
incendiary,"n.煽动者；
adj.煽动性的"
incense,"n.芳香；
vt.激怒"
inception,n.开端，开始
incessant,adj.无间断的
inch,"n.少量，很短的距离；
v.（使）慢慢移动"
inchoate,"adj.新生的，才开始的；
adj.未完全成型的"
incinerate,v.将…烧成灰烬
incipient,adj.起初的，初现的
incite,vt.煽动，激起
inclement,"adj.（天气等）恶劣的；
adj.无情的，严酷的"
incogitant,adj.考虑不周的，不体谅的
incongruent,adj.不全等的；不一致的
inconsequential,"adj.不合逻辑的；
adj.不重要的"
incontrovertible,adj.无可争议的
incorrigible,"adj.不可救药的，积习难改的；
adj.无法管制的"
incriminate,vt.归罪于
incubate,"vt.孵化；
vt.帮助，培养，促进"
inculpate,vt.归罪于
incursion,n.入侵
indelible,"adj.（印记等）无法擦除的；
adj.无法忘怀的"
indemnity,n.（损害、伤害等的）保险补偿
indict,vt.起诉，控告
indifferent,"adj.公平的；
adj.（质量、档次等）中规中矩的，一般的；
adj.不感兴趣的，冷漠的"
indigenous,"adj.土产的，本地的；
adj.与生俱来的，先天的"
indigent,adj.贫穷的
indispensable,adj.必不可少的，不可或缺的
indoctrinate,vt.教育，灌输思想
indolent,adj.懒惰的
inducement,"n.动机，刺激源；
n.劝说，游说"
indulgent,adj.（对己）放纵的，（对他人）纵容的
indurate,"adj.铁石心肠的，冷酷无情的；
vt.使变硬；
vt.使习惯于（如艰苦或尴尬之境况）"
industrious,adj.勤勉的
ineffable,adj.难以表达的
ineluctable,adj.无法逃避的，必然的
inept,"adj.愚笨的，荒谬的；
adj.不恰当的，不合时宜的；
adj.不称职的，无能力的"
inert,adj.（人）懒惰缺乏活力的；（物品）惰性的
inevitable,adj.不可避免的，必然的
inexorable,adj.无法劝阻的，不为所动的
infamous,adj.臭名昭著的
infatuate,vt.使迷恋
infelicitous,"adj.不愉快的，不幸的；
adj.不适当的，不合时宜的"
inferno,"n.大火；
n.地狱"
infiltrate,vt.秘密潜入
infinite,adj.无尽的，无限的
infirm,"adj.虚弱的；
adj.不果断的，优柔寡断的"
inflame,"v.点燃，燃烧；
vt.使加剧"
influx,n.涌入
infuriate,vt.激怒
infuse,"vt.灌输，使…充满；
vt.鼓舞"
ingenious,adj.聪明的，有创造才能的
ingenuity,n.独创性，创新性
ingenuous,"adj.天真淳朴的；
adj.坦白的"
ingest,vt.摄入，咽下
ingrained,adj.本质的，根深蒂固的
ingratiating,"adj.讨人喜欢的；
adj.逢迎的，意在奉承的"
inherent,adj.内在的，本质的
inimical,"adj.带有敌意的；
adj.危及某人利益的，不利的"
inimitable,adj.无法仿效的，独特的
iniquity,n.邪恶，不公正
initiate,"vt.创始，发动促进；
n.刚入门的新手"
inkling,"n.轻微暗示，小提示；
n.略知"
innocuous,"adj.无害的；
adj.乏味的，不会引起敌意的"
innovative,adj.创新性的
inquisitive,adj.过分好奇的
insensible,"adj.无知觉的；
adj.漠不关心的；
adj.粗俗的，没品味的"
insensitive,"adj.缺乏机智圆滑的，缺乏社交技巧的；
adj.不敏感的，麻木的"
insentient,"adj.无感觉的，无知觉的；
adj.一知半解的，略懂的"
insight,n.深刻的理解
insipid,"adj.（食品）清淡无味的；
adj.平淡的，无聊的"
insolent,adj.粗野的，无礼的
insouciant,adj.无忧虑的，不在乎的
instate,vt.任命
instigate,vt.煽动，激起
instill,"vt.慢慢滴入；
vt.灌输"
institute,"vt.创立，制定；
n.机构"
insubordinate,adj.不服从权威的
insular,adj.（观念、想法等）孤立狭隘的
insulate,vt.使绝缘，使隔离
insurgent,n.叛乱分子
intangible,adj.无法感知的，无形的
integral,"adj.构成整体所必需的；
adj.完整的"
integrity,"n.正直；
n.完整性"
intelligible,adj.可理解的
intemperate,adj.无节制的，极端的，不温和的
intensify,vt.加强，激化
inter,vt.埋葬
intercessor,n.调停者
interdict,"vt.禁止；
vt.阻止"
interim,"n.中间过渡时期，间隔；
adj.暂时的"
interlock,vi.连锁，连结
interminable,adj.无尽头的
intermittent,"adj.间歇的，断断续续的；
adj.不定期的"
interregnum,n.过渡期
interrogate,vt.质问，审问
intimate,"adj.有紧密联系的，亲密无间的；
adj.不为人知的；
n.密友；
v.迂回地交流，间接地沟通"
intimidate,vt.威吓
intoxicant,n.使人陶醉的东西（尤指酒精饮料）
intransigent,adj.不妥协的，固执的
intrepid,adj.无畏的
intrigue,"n.阴谋；
vt.激起…的兴趣"
intrinsic,adj.固有的，内在的
intuitive,adj.直觉的
inundate,vt.淹没
inure,"vt.使习惯接受不好的东西；
vt.使坚强"
invective,adj.侮辱性的
inveigh,vi.激烈抗议，表示强烈不满
inveigle,vt.诱骗
inventory,"n.存货清单；
n.（包含要点的）简介"
inveterate,adj.积习的
invidious,"adj.惹人反感的；
adj.羡慕嫉妒恨的"
invigorate,vt.使精神，使强壮，鼓舞激励
invincible,adj.不可战胜的，不可超越的
invoke,"vt.实施；
vt.产生，造成"
irascible,adj.易怒的
irate,adj.极其愤怒的
iridescent,adj.五颜六色的
irk,"n.令人烦恼的事物；
vt.使烦恼，使厌倦"
ironclad,adj.非常坚固的，坚不可摧的
irradicable,adj.不能根除的
irreducible,adj.（数）不可约分的
irrigate,"vt.灌溉；
vt.冲洗"
irritate,vt.刺激，惹恼
issue,"n.（有争议的）话题，议题；
v.发布（期刊等）；
v.（使）流出"
jabber,vi.快而不清楚地说
jaded,"adj.疲惫的；
adj.厌倦的，没兴趣没热情的"
jape,v.嘲弄
jargon,n.行业术语
jarring,"adj.刺耳的；
adj.震惊的"
jaundice,n.（因嫉妒或厌世而产生的）偏见
jaunty,adj.轻快的，活泼的
jejune,"adj.无趣乏味的；
adj.幼稚的"
jeopardy,n.危险
jest,n.轻浮的态度，戏谑
jettison,"vt.放弃，拒绝接受（想法、计划等）
"
jibe,vi.意见一致
jingoist,n.极端爱国激进分子（通常表现为好战的对外政策）
jitters,n.紧张，不安
jocular,adj.搞笑的，欢乐的
jocund,adj.欢快的，高兴的
jog,"n.慢跑；
vt.唤起"
jolt,"vi.突然移动；
vt.惊吓"
jot,vt.简要记录
jovial,adj.愉快的
jubilant,adj.喜悦的
judicious,adj.明智的，慎重的
juggernaut,n.无法阻挡的力量，摧毁一切的强大力量
ken,"n.视野范围；
vt.知道、了解（人或物）"
kidnap,vt.绑架勒索
kindle,vt.点燃
kindred,adj.类似的；具有相似或相近的起源、本性或性质的
knack,n.诀窍，聪明的做法
knead,vt.揉捏，塑造
knit,"vt.编织（纱线）；
vt.连接，联系"
knotty,adj.多结的，复杂的，困难的
kudos,"n.名望，名声；
n.夸奖，赞扬"
labile,adj.易变的，不稳定的
laborious,"adj.勤奋的；
adj.费力的"
labyrinthine,adj.迷宫似的，复杂曲折的
lacerate,vt.使非常痛苦
lachrymose,adj.催人泪下的，悲伤的
lackluster,adj.黯淡无光泽的
laconic,adj.简洁（以至于显得粗鲁或难以理解）的
lambaste,vt.严厉斥责
lament,"n.悼词；
n.抱怨；
v.为…哀悼，表达痛苦或遗憾"
lamentable,adj.值得惋惜的，悲哀的
lampoon,n.讽刺
languid,adj.没精打采的，虚弱的
languish,vi.变得衰弱
languor,"n.懒惰；
n.衰弱"
lank,"adj.细长瘦弱的；
adj.不僵硬的，柔软松弛的"
lapse,"n.小过失；
vt.结束，终止"
largesse,"n.捐赠物；
n.慷慨"
lash,"n.击打；
v.猛击，撞击；
vt.捆扎"
lassitude,n.乏力，没精打采
latent,adj.潜在的，不活跃的
latitude,n.（行动或言论）自由
laudatory,adj.表示赞扬的
lavish,"adj.奢侈的，大量的，无节制的；
vt.挥霍，浪费"
leaven,vt.在…中加入轻松、活泼或变更的因素
leer,vi.一瞥，斜眼看
leery,adj.怀疑的，不信任的
legacy,n.遗产
legend,"n.传奇，传说；
n.图例"
legion,"n.大量的人，（尤指）军团；
adj.大量的"
lenient,adj.宽大仁慈的
lethal,adj.非常有害的，致命的
lethargic,adj.没精打采的，行动迟缓的
levelheaded,adj.明智的
levity,n.轻浮
liability,"n.责任；
n.障碍，不利条件"
liberal,"adj.思想前卫的；
adj.慷慨的，大方的"
libertine,n.放荡不羁者
licentious,adj.放荡的，性欲强的
liken,vt.显示相似，把…比作
limber,adj.可塑的，柔软的
limp,"adj.柔软的，松散的；
adj.软弱的，没有精神的；
vi.跛行，艰难地行走"
limpid,"adj.透明清澈的；
adj.镇定的，淡定的"
linger,vi.磨蹭，闲荡
lissome,"adj.柔软的；
adj.敏捷的，轻盈的"
list,v.（使）倾斜
lithe,"adj.敏捷的，轻盈的；
adj.柔软的"
loath,adj.不情愿的，讨厌的
loathe,vt.厌恶
lofty,"adj.崇高的；
adj.高的；
adj.自大的"
loll,"vi.懒洋洋地行动；
vi.偷懒，打发时间"
lopsided,"adj.歪的，倾斜的；
adj.不平衡的，不协调的"
loquacious,adj.话多的
loutish,adj.粗鲁的
lubricate,vt.使润滑
lucid,"adj.有光亮的；
adj.神志清醒的；
adj.表达清晰的，简单易懂的"
lug,"vt.拖动，拉动；
vt.费力搬运"
lugubrious,adj.（故作夸张的）悲哀的
lull,"n.相对平静时期，间隙；
vt.使镇静，使安心"
lullaby,"n.催眠曲；
vt.使镇静，使安心"
lumber,"n.木材；
vi.笨拙地行动；
vt.使负担（从而拖累）"
luminary,n.杰出人物
lurch,vi.蹒跚
lurk,vi.潜伏
lush,"adj.茂盛的；
adj.多产的；
adj.（声音、味道）优美的，令人愉悦的"
lustrous,adj.有光泽的
luxurious,"adj.豪华的；
adj.奢侈的"
lyric,"n.（可以哼唱的）小曲；
adj.如诗歌般流畅甜美的"
macabre,adj.恐怖的
macerate,vt.浸泡（以软化）
maculate,vt.使有斑点，弄脏；玷污，损坏
maelstrom,"n.漩涡；
n.混乱、动荡的局势"
magnificent,adj.壮丽的
maladroit,adj.笨拙的
malaise,n.不舒服
malcontent,"n.不满分子；
adj.不满的"
malicious,adj.恶意的
malign,"adj.恶意的；
vt.诽谤"
malinger,vi.装病以逃避工作
malleable,"adj.可塑的；
adj.易控制的"
malodorous,adj.恶臭的
mandatory,adj.强制的
mangle,"vt.损毁，使伤残；
vt.弄砸"
mangy,adj.卑劣的
mania,n.热衷，狂热
manifest,"adj.显然的，明显易懂的；
v.显现，显露"
manipulate,"vt.巧妙操作；
vt.巧妙处理；暗中操控"
mannered,adj.不自然的，做作的
manumit,vt.解放（奴隶）
manuscript,n.手稿
mar,"n.污点，坏点；
vt.破坏，削弱"
marsh,n.沼泽，湿地
martinet,n.纪律严明之人
marvel,"n.令人惊奇的事物；
v.（因为壮观、美丽等而）表示惊讶"
mash,vt.捣碎
masquerade,"n.面具，伪装；
vi.伪装，掩饰"
mastery,n.技艺超群，精通
matriculate,v.入学；录取
maudlin,adj.过于感伤的
maven,n.专家
maverick,"n.特立独行之人；
adj.标新立异的，不合常规的"
mawkish,adj.过度伤感的
meager,adj.贫乏的
mean,"adj.卑贱的；
adj.吝啬的；
v.打算，怀有目的；
v.意味着"
meander,vi.闲逛，漫步
measly,adj.少得可怜的，微不足道的
measured,adj.深思熟虑的，审慎的
meddle,vi.干涉，管闲事
mediate,vt.调解，调停
mediocre,adj.平庸的；质量中等偏下的
medley,adj.大杂烩，混合物
meek,"adj.谦恭的；
adj.顺从的"
meet,adj.合适的
mellifluous,adj.（曲调）优美的
melodramatic,adj.感情夸张的，伤感的
menace,vt.威胁，使处于危险
mendacious,adj.撒谎的，虚假的
mentor,"n.导师；
vt.教导，指导"
mercenary,"n.（外国军队的）雇佣军；
adj.唯利是图的，贪婪的"
mercurial,adj.（情绪）善变的
merited,adj.应得的，理所当然的
mesh,v.诱捕
mesmeric,"adj.催眠的，催眠术的；
adj.令人着迷的，难以抗拒的"
metamorphose,vt.（使）变形
metaphysical,"adj.哲学上的，理论上的；
adj.非尘世的"
meteoric,adj.流星般迅速而短暂的
methodical,adj.井然有序的，有条理的
meticulous,adj.极为谨慎的
mettle,"n.勇气；
n.毅力，耐力"
miff,vt.使恼怒
migratory,adj.迁移的
milk,vt.榨取（财富、信息等）
mime,v.模仿
mimic,"adj.仿真的，仿造的；
vt.滑稽地模仿（以取笑）；
vt.模仿"
minatory,adj.带来威胁的，有凶兆的
mince,"vt.切碎；
vi.小步走"
mingle,"vi.参加社交活动；
vt.混合，结合"
minimize,"vt.将…减到最少；
vt.刻意低估；
vt.表示鄙夷"
miniscule,adj.极小的
mint,"n.巨额；
adj.无损坏的"
minute,"adj.仔细的，谨小慎微的；
adj.小的，不重要的"
minutia,n.次要的细节，小事
mirage,n.海市蜃楼，幻想
mire,"n.困境；
vt.使陷入困境，拖后腿"
mirth,n.欢乐，欢笑
misanthropic,adj.反人类的
misbehaving,adj.调皮的，行为不端的
mischievous,"adj.调皮的，淘气的；
adj.有害的"
misconstrue,vt.误解，曲解
miscreant,n.恶棍，罪犯
misdemeanor,n.轻罪
miserly,adj.吝啬的
misfortune,n.不幸
misgiving,n.担忧，疑虑
mishap,n.不幸之事
misrepresent,vt.误传，篡改
mite,n.微小的东西，很少的钱
mitigate,vt.减轻痛苦，使缓和
mobile,"adj.可移动的；
adj.可变的"
mockery,"n.鄙视，嘲弄；
n.以嘲笑为目的的模仿"
moderate,"vt.使缓和；
adj.适度的，中庸的"
modicum,n.少量
mollify,vt.平息，抚慰，缓和
mollycoddle,vt.宠爱，溺爱
molt,vi.脱（羽、皮等）
momentous,adj.极重要的
momentum,n.动力；冲力，势头
mongrel,adj.杂种的，混血儿的
monochromatic,"adj.单色的；
adj.单调无聊的"
monologue,n.独白
monotonous,"adj.（声音）单调的；
adj.清一色的，无聊的"
montage,n.大杂烩
moratorium,n.延期，暂缓施行
morbid,"adj.疾病的，疾病所致的；
adj.（思想性格）变态的"
mordant,adj.尖酸刻薄的
moribund,"adj.即将结束的，垂死的；
adj.即将过时的"
morose,adj.忧郁的
mosaic,n.综合物，马赛克般的东西
mosque,n.清真寺
moth-eaten,adj.过时的
motile,adj.能动的
motivate,vt.刺激，激发
motley,adj.混杂的，富于变化的
mottle,vt.标记上杂色斑点
motto,n.座右铭
mournful,adj.悲伤的
movement,n.运动
muddy,"adj.不干净的；
adj.浑浊的，不清晰的；
vt.使难以理解"
muffle,vt.使消声
mulish,adj.固执的
mumble,v.说话含糊
mundane,"adj.尘世的，世俗化的；
adj.平凡的"
munificent,adj.慷慨的
murky,"adj.黯淡的，昏暗的；
adj.模糊的，晦涩的"
murmur,"n.小声的话语；
vi.低声抱怨，发牢骚"
mutate,v.（使）改变，（使）变异
mute,"adj.不说话的，缄默的；
vt.使颜色、音调等柔和；
vt.减弱声音"
mutter,vi.低声抱怨
myopic,adj.缺乏远见的，缺乏辨别能力的
myriad,adj.无限的，大量的
nadir,n.最低点
naive,adj.天真纯朴的
narcissism,n.自恋
nascent,adj.新生的
natty,adj.整洁的，时髦的
nauseate,v.（使）厌恶，（使）作呕
nautical,adj.航海的
naysay,vt.拒绝，否认
nebulous,adj.模糊的
needy,adj.贫困的
nefarious,adj.极坏的，邪恶的
negation,n.否定
negligent,adj.疏忽大意的
negotiate,"v.商量，谈判；
v.谋划"
neophyte,n.初学者，新手
nerve,"n.（坚强的）意志，勇气；
vt.给予勇气，鼓励"
nettle,vt.惹怒
neutralize,"vt.中和；
vt.破坏，使无效"
nexus,"n.连结；
n.核心，最重要的地带"
nibble,vt.小口咬
nicety,"n.准确，精确；
n.细微之处"
nil,n.不存在，零
nip,"n.少量；
vi.小口吃喝"
nitpick,v.吹毛求疵
nocturnal,"adj.夜间的；
adj.夜间活动的"
noisome,"adj.有害的，有毒的；
adj.恶臭的；
adj.非常令人厌恶的"
nomad,adj./n.游牧的；居无定所的人
nominal,"adj.不重要的；
adj.名义上的"
nonchalant,adj.冷漠的
nondescript,adj.平凡的，不吸引人的
nonentity,"n.不重要的人；
n.虚构的东西"
nonplus,vt.使迷惑，使困窘
nonsense,n.无意义的话，废话
notch,"n.刻痕；
vt.通过努力获得"
novel,adj.新奇的
noxious,"adj.有害的，有毒的；
adj.产生强烈厌恶的"
nuance,n.细微的差异
nudge,"vt.用肘推以引起注意；
vt.说服某人做某事"
nugatory,adj.无关紧要的
nurture,"vt.提供营养；
vt.培育，培养"
oath,n.誓言
obdurate,"adj.固执的；
adj.冷酷无情的"
obedient,adj.服从的，顺从的
obeisance,n.敬礼，尊重
obfuscate,vt.使困惑，使模糊
obligatory,"adj.强制性的；
adj.（见得多以至于）无聊的"
obliging,adj.乐于助人的
oblique,adj.斜的
obliterate,vt.除去
oblivious,adj.不知道的，不知情的
obloquy,"n.谩骂，诽谤；
n.恶名，耻辱"
obscure,"adj.含义模糊的；
adj.平凡的，不知名的；
vt.使模糊"
obsequious,adj.谄媚的，奴性的
obsess,vt.迷住；使困扰
obstinate,"adj.固执的；
adj.难以减轻或治愈的"
obstreperous,"adj.难驾驭的，任性的；
adj.吵闹的"
obstruct,"vt.妨碍，给…制造困难；
vt.阻挡"
obtuse,adj.愚钝的
obviate,vt.排除，使不必要
occult,"adj.难以理解的；
vt.使隐藏或神秘"
odium,n.憎恶，讨厌
offbeat,adj.不平常的
offhand,adj.即兴的，没有准备的
officious,adj.多管闲事的
offish,adj.冷淡的
off-key,adj.不寻常的，不合适的
ominous,adj.凶兆的
omniscient,adj.无所不知的
onerous,adj.费时间花心思的
opaque,"adj.不透光的；
adj.晦涩的"
opine,v.表达观点；想，认为
opportune,adj.合适的，适当的
opprobrious,"adj.辱骂的
adj.臭名昭著的，令人鄙视的
"
oration,n.（颇有野心、自高自大的）演说
orient,vt.使确定方向，使熟悉或适应
original,"adj.创新的；
adj.最初的，最早的"
orthodox,adj.传统的
oscillate,"vi.振动，摇晃；
vt.犹豫，变化"
ossify,v.（使）硬化，（使）僵化
ostentatious,adj.炫耀卖弄的
ostracize,vt.驱逐
oust,"vt.免职；
vt.驱逐"
outgoing,adj.友好的，外向的
outlandish,adj.古怪的，奇异的
outmaneuver,vt.以策略取胜
outset,n.开端，开始
outwit,vt.瞒骗，以智取胜
overbearing,"adj.专横傲慢的；
adj.压倒一切的，（在力量或重要性上）势不可挡的；支配的，显著的"
overlap,v.（与…）部分重叠
overt,adj.明显的，公开的
overture,"n.前言；
n.序曲"
oxymoron,n.矛盾修饰法
pacify,vt.使平静，安慰
padding,n.夸张，废话
paean,n.欢乐颂
painstaking,adj.煞费苦心的
palatable,adj.感到愉悦满足的
palatial,adj.宫殿般奢华的
pall,vi.失去兴趣
palliate,vt.平息，减轻
pallid,"adj.无生气的，缺乏活力的；
adj.苍白无血色的"
palmy,adj.繁荣的
palpable,"adj.摸得到的；
adj.明显的，易觉察的"
palter,vi.欺骗；讨价还价
paltry,"adj.无价值的；微不足道的；
adj.让人厌恶的，让人鄙视的"
pan,vt./n.严厉批评
panache,n.炫耀
pandemic,adj.大范围流行的
pandemonium,n.喧嚣，骚动
panegyric,n.赞颂之词，颂文
panoramic,adj.全景的
parable,n.寓言
paradigm,n.典范，模范
paradise,"n.天堂，极乐世界；
n.快乐，狂喜"
paradox,n.表面矛盾实际可能正确的话，悖论
paragon,"n.优秀模范；
vt.把…比作；显示相似"
paramount,adj.最重要的
paranoid,adj.多疑的，对他人极端恐惧和怀疑的
paraphrase,v.转述，意译，改写
parch,v.炽，烤；烤干
parenthesis,n.间断
pariah,n.被排斥或鄙视的人
parity,n.相称，同等，平等
parody,"n.（以嘲笑原作作者的）模仿作品；
v.模仿（以嘲弄）"
paroxysm,"n.（感情、动作的）突发；
n.（政治、社会领域的）大动荡"
parrot,vt.（机械地）模仿，复制
parry,vt.躲避（问题）
parsimonious,n.过度节俭的，吝啬的
partial,"adj.偏袒的，偏爱的；
adj.部分的，不完整的"
particularize,vt.详述
partisan,"n.跟随者，信徒；
n.（狂热、坚定的）拥护者，支持者；
adj.偏袒的"
partition,n.分割，划分
pastiche,"n.（带嘲讽的）模仿；
n.大杂烩"
patent,adj.显而易见的，明显的
pathological,adj.不正常的，病态的
patina,"n.外表；
n.（由内而外散发的）氛围，气场"
patrician,"n.贵族，名门望族；
adj.贵族的，地位高的"
patriot,n.爱国者
patronize,"vt.赞助；
vt.以高人一等的态度对待"
paucity,n.少量，缺乏
paunchy,adj.大腹便便的，大肚子的
peck,"n.大量；
v.（不情愿地）小口咬"
pedagogue,n.教育者，老师
pedant,n.书呆子，墨守成规之人
pedestrian,"n.行人；
adj.平庸无奇的，令人厌倦的"
peep,"n.一瞥；
n.轻声"
peer,"n.同等地位的人，同辈；
vi.好奇地凝视"
peeve,vt.打扰，惹恼
pejorative,adj.轻蔑的，贬低的
pellucid,"adj.透明的；
adj.清晰明确的，易懂的"
pen,"n.监狱；
vt.关押，监禁"
penalty,n.（对罪行的）处罚
penchant,n.嗜好，迷恋
penitent,adj.悔过的
pensive,adj.沉思的，（尤指）哀思的
penury,"n.贫穷；
n.吝啬，节俭"
perambulate,v.徒步穿越，走过
perceptible,adj.可察觉的
peremptory,"adj.不容反抗的；
adj.爱发号施令的；
adj.傲慢的"
perfervid,adj.非常热情的
perfidy,n.不忠，背信弃义
perforate,v.打孔，穿透
perfunctory,"adj.例行公事的，敷衍的；
adj.不感兴趣的"
perimeter,n.边界，界限
periodical,"n.期刊；
adj.周期性的，有固定间隔的"
peripatetic,adj.巡游的，四处游历的
peripheral,"adj.外围的；
adj.辅助性的"
perish,vi.死亡，消亡
permanent,adj.永恒的
permeable,adj.可渗透的
pernicious,adj.有害的
peroration,"n.（演讲的）结束语；
n.（正式的）演讲，致辞"
perpetual,adj.永恒的，不断的
persecute,vt.迫害，折磨
persevere,vi.坚持不懈，不屈不挠
persiflage,n.打趣
persistence,n.坚持，持续
personable,adj.风度翩翩的，吸引人的
perspicacious,adj.极敏锐的，有洞察力的
perspicuity,n.清晰明了
pertain,vi.有关联
pertinacious,adj.顽固的，固执地坚持的
pertinent,adj.相关的，恰当的
perturb,vt.使扰乱，使烦躁不安
peruse,vt.细读
pervade,vt.弥漫，充满
pessimistic,adj.悲观的
petition,"n.请愿，正式的申请；申请书；
v.（尤指正式地）请求"
petrify,vt.使僵化，使失去活力
petty,adj.细微的，不重要的
phenomenal,adj.不寻常的，非凡的
philanthropic,adj.博爱的，为他人着想的
philistine,n.市侩（注重物质而鄙视智慧或艺术的人）
phlegmatic,adj.冷静的，无感情的，淡漠的
piddling,adj.微不足道的
piebald,"adj.杂色的；
adj.混合的，杂糅而成的"
pigment,"n.颜料；
vt.给…上颜色"
pilfer,vt.偷窃
pillar,"n.柱子；
n.（物质、精神等方面的）支柱"
pillory,vt.当众嘲弄
pilot,"n.领航员，飞行员；
adj.初步的，试验性的；
vt.带领通过"
pine,"vi.渴望，奢望；
vi.因渴望而憔悴"
pinnacle,n.顶峰
pinpoint,"adj.非常精确的；
vt.精确定位或确认"
piquant,"adj.辛辣开胃的；
adj.令人振奋的"
pique,"vt.使愤怒；
vt.激起，刺激"
pirate,"vt.盗版，盗用；
n.海盗"
pithy,adj.精练的，简洁的
pitiless,adj.没有同情心的
pittance,n.少量津贴
placate,vt.（通过让步以）平息抚慰
placebo,n.安慰性的事物
plagiarize,v.剽窃，抄袭
plangent,"adj.轰鸣的；
adj.凄凉的，哀伤的"
plastic,"adj.可塑的；
adj.虚假的，做作的"
plateau,"n.高原；
n.稳定时期，平台期"
platitude,"n.陈词滥调；
n.缺乏原创性"
plausible,adj.看似有理的
pleat,n./vt.打褶
plentitude,n.大量
plethora,n.过量，过剩
pliable,"adj.易弯曲的，柔软的；
adj.易受影响的，温顺的"
pliant,"adj.易弯曲的；
adj.顺从的"
plight,n.困境
plod,v.沉重缓慢地走
pluck,"n.敢于面对困难的勇气；
v.弹奏（弦乐）"
plumb,"vt.测深度；
adj.垂直的；
adj.完全的，绝对的；
vt.仔细深入地检查；探索，探究"
plummet,vi.突然下降
plump,"adj.丰满的；
v.鼎力支持，赞不绝口"
plunge,"vi.突然下降；
vt.插入，刺入"
polarize,vt.使分开对立，使两极分化
polemic,n.争执
polished,"adj.有教养的；
adj.擦亮的"
politic,"adj.精明能干的；
adj.合时宜的，明智的"
pompous,"adj.浮夸的；
adj.傲慢的"
ponderable,adj.有价值的，值得考虑的
ponderous,"adj.沉重的；
adj.沉闷无聊的"
pontificate,vi.傲慢地做或说
pore,vi.仔细浏览，仔细研究
porous,adj.多孔可渗透的
portentous,"adj.预兆性的，凶兆的；
adj.勾起兴趣的，令人遐想的"
poseur,n.故作姿态、不真诚的人
posit,vt.假定，断定
postulate,"n.前提条件；
vt.假定为真"
posture,"n.姿势，姿态；
vi.故作姿态，装模作样"
potable,"n.饮品，尤指有酒精饮料；
adj.适于饮用的"
potentate,n.有权势的人
potentiate,vt.激活，加强
pout,vi.（尤指撅嘴或板着脸）表示不悦
practitioner,n.职业人士
prairie,n.大草原
prate,vi.闲聊，空谈
preach,vi.传道，布道
precarious,"adj.危险的，不稳定的；
adj.可疑的，不明确的"
precedent,"n.先例，前例；
adj.先前的"
precipice,n.悬崖峭壁
precipitate,"adj.匆忙的；
vt.促使，导致"
precipitation,"n.沉积物，尤指降水；
n.仓促"
precipitous,"adj.非常陡峭的；
adj.匆忙的"
preclude,"vt.预先阻止；
vt.排斥"
precursor,n.先驱者，先导
predecessor,n.前任，先辈
predestine,vt.预先注定
predilection,n.爱好，偏袒
preeminent,adj.优秀的，重要的
preempt,"vt.预先占有；
vt.替换"
preen,"vt.整理（羽毛）；
vt.打扮修饰；
vt.自满"
preface,n.序言
pregnant,"adj.重要的，意味深长的；
adj.怀孕的"
premeditate,vi.预先考虑
preoccupation,n.非常关心，全神贯注
preponderant,adj.占优势的，更重要的
prepossessing,adj.给人好感的，有魅力的
preposterous,adj.荒谬的，不符合常理的
presage,"n.征兆；
vt.预示，预言"
prescience,n.预知，先见
prescription,n.规定，传统的规矩
preservative,n.防腐剂
prestige,n.声望，威望
presumptuous,"adj.放肆的，冒昧的；
adj.傲慢的"
pretense,"n.虚假，伪装；
n.自大，优越感"
preternatural,adj.超乎寻常的
prevail,vi.盛行，战胜
prevalent,adj.流行的，普遍的
prevaricate,vi.支吾其词，撒谎
primordial,adj.原始的，最初的
primp,v.精心打扮
principal,adj.主要的，重要的
pristine,adj.纯净的，质朴的，未被文明腐蚀的
privation,n.缺乏，穷困
probe,v./n.深入调查
probity,n.正直
proclivity,n.癖性，偏好
procrastinate,vi.（因为懒散）拖延
procure,vt.获得，取得
prod,vt.促使…行动
prodigal,"adj.挥霍的；
n.败家子"
prodigious,"adj.巨大的；
adj.惊人的，了不起的"
profane,"vt.亵渎；
vt.滥用"
proffer,v./n.献出，提供
proficient,adj.熟练的，精通的
profligate,"adj./n.挥金如土的，挥霍的；
n.败家子；
n.堕落的人"
profundity,n.深奥，深刻
profusion,"n.丰富，大量；
n.挥霍，浪费"
prohibitive,"adj.禁止的；阻止的；
adj.（价格高得）抑制购买的"
proliferate,vi.快速繁殖；激增
prolix,adj.啰嗦的，冗长的
prologue,n.序言
prolong,vt.延长，拖延
promulgate,vt.正式宣布
proofread,vt.校对
propagate,"v.繁殖；
vt.传播，宣传"
propensity,n.倾向，癖好
prophetic,adj.预言的，预示的
propitiate,vt.抚慰，劝解
propitious,adj.吉祥的
proponent,n.建议者，支持者
propriety,"n.礼节；
n.适当，得体"
prosaic,adj.单调的，常见的
proscribe,vt.禁止，排斥
prosecution,n.实行，执行
proselytize,v.（使）改变信仰
prospect,"v.探查，勘探；
n.期待，期望的事物"
prosperous,adj.成功的，繁盛的
prostrate,"adj./vt.平躺（的）/使平躺；
adj./v.衰弱的/使衰竭"
protean,adj.善变的；多才多艺的
protocol,n.正确的礼仪规范
protract,vt.延长，拖长
protrude,vi.突出
protuberant,adj.隆起的，凸出的
provident,"adj.节俭的；
adj.有远见的"
providential,adj.天意的，幸运（的）
provincial,adj./n.狭隘（的）
provisional,adj.临时的
provisory,adj.有附带条件的；临时的
provoke,"vt.激怒；
vt.驱使，激起"
prowess,n.英勇，勇敢
prowl,v.潜行于，巡游以猎取食物；徘徊
prude,n.过分正经的人：一个过分关心自己是否得体、谦逊或正确的人
prudent,"adj.明智的；
adj.小心谨慎的，审慎的"
prudish,adj.过分守礼的
prune,"n.梅干；
vt.修剪；修整"
pry,vi.刺探，打听
pseudonym,n.假名，笔名
psychology,"n.心理学；
n.心理战术"
pucker,v.撅（嘴），（使）收缩
puckish,adj.淘气的，顽皮的
puerile,adj.幼稚的，不成熟的
puissance,n.权力
pulchritude,n.美丽
pulverize,vt.将…研磨成粉；将…彻底摧毁
pun,n.双关语
punctilious,adj.注意细节的，一丝不苟的
pundit,n.权威人士，专家
pungent,adj.辛辣的，讽刺的
puny,adj.微小的，弱小的
purity,n.纯净；纯洁，纯正
purlieu,"n.常去的地方；
n.临近的地区"
purloin,vt.偷窃
purvey,v.（大量）供给，供应
pusillanimous,adj.懦弱的，胆小得令人鄙视的
quack,n.骗子医生，江湖郎中
quaff,vt.大口地喝
quail,vi.胆怯，畏缩
qualify,"vt.限定；
vt.使有资格，使有能力"
quandary,n.困惑，窘境
quarantine,n.隔离
quarry,"n.采石场；
n.目标，猎物"
quash,vt.镇压，阻止
quaver,vi.发颤音
quell,"vt.压制；
vt.使平静，使安静"
quench,"vt.熄灭；
vt.使满足"
querulous,adj.抱怨的，爱发牢骚的
quibble,"vi.吹毛求疵；
n.牵强之词：微不足道的差别或不切中要点的异议， 小反对"
quiescent,adj.平静的，静止的
quixotic,adj.不切实际的，空想的
quota,n.配额，限额
quotidian,adj.每日的；平凡的
rabble,n.混乱的人群；暴民；下层民众
rabid,adj.狂热的，不冷静的
racy,adj.活泼生动的
raffish,adj.低俗的
raffle,n.垃圾，废物
rage,n./v.暴怒
ragged,"adj.衣衫褴褛的；
adj.凹凸不平的，不光滑的"
rail,vi.怒骂，猛烈抨击
rakish,adj.放荡的，行为不检点的
ramble,"vi.漫步，漫游；
vi.漫谈；长篇大论（并经常离题）地说或写"
rambunctious,adj.喧闹的，骚乱的
ramshackle,adj.摇摇欲坠的
rancor,n.敌意，深仇
random,adj.随机的，随意的
rankle,vt.激怒
rant,"n.（尤指长时间的）训斥，责骂；
vi.怒吼"
rapacious,"adj.食量大的，贪食的；
adj.过度贪婪的"
rapport,n.和睦，友好
rapprochement,n.和睦，友好
rapscallion,n.流氓，恶棍
rapt,"adj.狂喜的，狂热的；
adj.全神贯注的"
rarefy,vt.使稀薄
rash,adj.草率的，仓促的
raspy,"adj.声音刺耳的；
adj.容易生气的"
ratify,vt.（官方地）认可，批准
ratiocination,n.推理
ration,"n.定额供应量，配给量；
vt.按比例分配"
rational,"adj.合乎逻辑的；
adj.理性的"
rave,"vi.狂热赞扬；
vi.（发疯般地）怒吼"
ravel,"vt.解开，松开；
vt.阐明；
vt.使纠缠，使复杂化"
ravish,vt.使陶醉，使沉迷
raze,vt.摧毁，粉碎
react,vi.做出反应
reactionary,adj.反对变革的，极保守的
ream,vt.怒斥，训斥
reap,v.收割，收获
reassure,vt.使安心，打消疑虑
rebuff,vt.严词拒绝
recalcitrant,adj.顽抗的，不顺从的
recant,vt.撤回，放弃，改变
recessive,"adj.（基因等）隐性的，由隐性基因控制的；
adj.内向的，内敛的"
recidivate,vi.回到原先的习惯，尤指重新犯罪
reciprocate,"vi.往复运动；
vt.报答，回报"
reckless,adj.不考虑后果的，大胆鲁莽的
recluse,"n.隐士；
adj.隐居的，不爱社交的"
recoil,vi.退却，畏缩
reconcile,vt.使和解，协调
recondite,adj.深奥的，难解的
reconnoiter,vt.侦察，勘查
reconstitute,vt.重建，（尤其是通过加水）使复原
reconvene,v.重新集合，重新召集
rectitude,n.正直
recumbent,adj.躺着的
recuperate,v.恢复（健康或力量），康复
redolent,adj.芳香的
redoubtable,"adj.杰出的，值得尊敬的；
adj.可怕的"
redundant,adj.多余的，冗余的
reel,"vi.感到眩晕；
vi.蹒跚地走路"
referee,"n.仲裁者；裁判员；
vt.（就纠纷或争议）给出意见"
refine,"vt.提纯，精炼；
vt.改善，改进"
reflect,"vt.反射；
vt.反映，显露；
vi.思考"
refractory,adj.倔强的，不顺从的
refulgent,adj.辉煌的，灿烂的
refute,"vt.否认；
vt.证明为假，证伪"
regenerate,"vt.使重获新生，使焕然一新；
v.（使）洗心革面"
regimen,n.（政治上的）统治
regress,"vi.后退；
vi.退化，恶化"
rehabilitate,"vt.使复原，使康复；
v.（使）洗心革面"
rehearsal,n.排练，彩排
reign,"n.统治权；
vi.占统治地位或盛行"
rein,"n.抑制，限制；
vi.抑制，控制"
reiterate,v.重申
rejoice,vi.欣喜，喜悦
relapse,vi.故态复萌，再犯
release,"vt.排放；
vt.释放，使获得自由；
vt.解雇"
relentless,"adj.残酷的，无情的；
adj.固执的，不肯妥协的"
relevant,adj.有关系的，重要的
religion,"n.宗教，信仰；
n.（对于宗教信仰的）忠诚，虔诚"
relinquish,"vt.放弃（职位、权力等）；
vt.移交，交出"
relish,"n.喜好，偏好；
n.（愿望达成时的）高兴，满足感；
vt.享受，喜欢"
reluctant,adj.不情愿的，反感的
remiss,adj.疏忽的，不留心的
remodel,vt.改造，改变结构
remonstrance,n.抗议，抱怨
remorse,n.懊悔，悔恨
remunerate,vt.支付报酬，补偿
rend,vt.撕裂，猛拉
renegade,n.背教者，叛徒
renounce,"vt.（正式地）放弃；
vt.宣布与…决裂"
renovate,"vt.修复，维修；
vt.使重获新生，使焕然一新"
repartee,"n.机智的回答；
n.打趣，善意的玩笑"
repatriate,vt.遣返
repeal,"vt.撤销，废除（法律等）；
vt.宣布与…决裂"
repel,"vt.抵制；
vt.使厌恶"
repertoire,n.（技术、设备或原料等的）详单
repine,"vi.抱怨，表达不满；
vi.渴望"
replete,"adj.彻底吃饱了的；
adj.充满…的，富于…的"
repose,"n.（劳作后的）休息；
n.平静，宁静；
vi.休息；
vt.放置，交给他人"
reprehend,vt.谴责，责难，批评
repress,"vt.镇压；
vt.阻止（正常的表达、活动或发展等）"
reprieve,"vt.对…暂缓处刑，免罪；
vt.维持…运行"
reproach,"n.令人羞愧的事物，耻辱；
vt.批评，责备"
reprobate,"n.堕落者，道德败坏的人；
adj.堕落的，放荡的；
vt.谴责，痛斥；
vt.拒绝，不提供"
reproof,n.批评，反对
reprove,"vt.温和地责备，警告；
vt.不欣赏，不喜欢"
repudiate,"vt.否认；
vt.拒绝接受"
repugnant,"adj.令人厌恶的；
adj.不和谐的，不协调的"
repulse,vt.使厌恶，排斥
repute,n.（尤指好的）名声，名誉
requisite,"n.必需品；
adj.必不可少的，必备的"
requite,"vt.酬谢，报答；
vt.报仇"
rescind,vt.废除，取消
reserved,adj.内向的，缄默的
residue,n.剩余物
resign,vt.辞职，放弃（职位）
resilience,"n.弹力；
n.恢复能力"
resolute,adj.坚定的
resonant,adj.（声音）洪亮的，共鸣的
resourceful,adj.有创造力的，机智的
respire,vi.呼吸
respite,n.间歇，休息
resplendent,adj.华丽辉煌的
responsive,adj.反应的；敏感的
restive,"adj.急躁的，忧虑的；
adj.难以管束的"
restless,adj.不平静的
restrain,vt.限制，控制
resurgence,n.复兴
resuscitate,vt.使复活，使苏醒
retainer,n.家仆
retaliate,v.报复，反击
retard,vt.减速，延迟
reticent,"adj.沉默不语的；
adj.不愿意的"
retinue,n.随行人员
retort,n.（尤指机智的）回应，回答
retouch,v.润饰，改进
retract,vt.收回，否认
retrench,vi.削减开支
retribution,n.报偿，报应
retrograde,"adj.倒退的；
vi.退步，退化"
retrospective,adj.回顾的
revelry,n.狂欢，喧闹的作乐
revenge,"n.报复，复仇；
vt.为…复仇"
revere,vt.（尤指对神的）尊崇，尊敬
revise,vt.更改，修正
revive,"vi.恢复意识；
vi.再获新生"
revoke,vt.撤回，宣告无效
revolt,"vt.使厌恶，使反感；
vi.反叛"
ribald,adj.（举止、言语）下流粗俗的
rickety,adj.不稳的
rider,"n.骑马的人；
n.（议案的）附加条款"
ridicule,vt.嘲笑
rife,adj.丰富的，普遍的
rift,"n.不和；
vt.使开裂"
rile,vt.刺激，惹怒
riot,n.喧闹，暴乱
ripen,v.使成熟，变成熟
rite,n.惯例，仪式
rive,v.撕开
riveting,adj.吸引人的，极迷人的
rivulet,n.小河，小溪
robust,adj.精力充沛的；强壮的，健康的
roil,"vt.搅浑，使混乱；
vt.激怒"
roisterer,n.喝酒喧闹的人
rookie,n.新兵；新手；菜鸟
roster,n.值勤表，花名册
rostrum,n.讲坛，演讲坛
rouse,"vt.激起，煽动；
vt.唤醒"
royalty,"n.皇家身份；
n.版税；专利权税"
rubicund,adj.红润的，健康的
rudimentary,"adj.初始的，未发展的；
adj.最根本的，基础的"
rue,n.后悔，遗憾
ruffle,"n.皱褶，褶裥花边；
vt.使粗糙；
vt.扰乱，打扰"
ruminate,v.沉思
rumple,"vt.使皱，弄皱；
vt.打乱，使不整齐"
run,n.（不间断的）连续演出
runic,adj.神秘的
rupture,v.打破；打碎，破裂
ruse,n.诡计
rustic,"n.乡下人，头脑简单的人；
adj.乡村的；
adj.粗俗的"
rustle,vi.快速地行动
sabotage,"n.妨害，破坏；
vt.从事破坏活动，阻止"
saccharine,"adj.像糖一样的，有甜味的；
adj.做作的，矫情的"
sacrilege,n.亵渎圣物
saddle,vt.使某人负担
safeguard,"n.保护措施；
vt.保护"
sage,n.智者
salient,adj.显著的，最突出的
salubrious,adj.有益健康的
salutary,"adj.有益健康的；
adj.有利的，利好的"
salutation,"n.致敬，打招呼（表示欢迎和礼貌）；
n.赞扬"
salvage,vt.（从灾难中）抢救
salve,v.减轻，缓解
sanctify,vt.使神圣，将…敬为神
sanctimonious,adj.假装虔诚的
sanction,"vt.批准，同意，认可；
n.制裁"
sanctuary,n.避难所
sand,vt.磨光
sanguine,"adj.乐观的，确信的；
adj.面色红润的"
sanitary,adj.健康的，清洁的
sap,"vt.削弱；
n.健康，活力"
sapient,adj.聪明的，有洞察力的
sarcasm,n.讽刺，轻蔑
sartorial,adj.裁缝匠的，裁缝的
sate,vt.使饱足，充分满足
satiate,vt./adj.（使）饱足（的），过分满足（的）
satire,n.讽刺诗，讽刺文学
satirize,vt.讽刺
saturate,vt./adj.使饱和，浸透
saturnine,"adj.忧郁的，阴沉的；
adj.讥讽的"
saunter,vi.闲逛，漫步
savant,n.博学之士，学者
savory,"adj.口感好的，味道好的；
adj.令人愉悦的"
savvy,"n.老练，机智；
v.明确了解；
adj.有见识的，精明能干的"
scads,n.许多，大量
scant,adj.不足的，缺乏的
scathing,adj.尖酸刻薄的
schism,n.不一致
scintillate,vi.闪耀
scion,n.子孙
scission,n.切断，分离，分裂
scoff,"v.嘲笑；
v.狼吞虎咽"
scorch,v.炙烤，烘干
scorn,vt.轻蔑，鄙视，不屑
scotch,vt.停止
scour,"vt.用力擦洗；
vt.搜查"
scowl,vi.皱眉（表现出不高兴）
scrap,"n.废料，废物；
vt.抛弃；
vt.终止，放弃原计划"
scrappy,adj.好斗的，好吵架的
scrawl,vt.乱涂，潦草地写
scribble,v.潦草地书写，乱写
scrupulous,"adj.正直的；
adj.一丝不苟的"
scrutable,adj.可以理解的
scrutinize,vt.仔细检查
scuff,"v.（使）磨损；
v.脚步拖沓"
scurrilous,adj.说粗话的
scurvy,adj.下流的，让人鄙视的
seamy,adj.肮脏的，堕落的
secluded,adj.僻静的，隐蔽的
secrete,"vt.隐藏；
vt.分泌"
sedate,adj.淡定的，安静的
sedentary,adj.固定不动的
seduce,vt.劝说（使不忠，使不服从），诱…误入歧途
sedulous,adj.勤奋认真的
seemly,adv.得体的，遵守礼节的
segment,vt./n.分割；部分
self-abasement,n.自卑，自谦
self-absorbed,adj.自恋的，自私的
seminal,"adj.有发展性的；
adj.创新的"
sensation,"n.感觉，知觉；
n.轰动事件"
sensitive,adj.敏感的
sentinel,n.哨兵，看守
septic,adj.腐败的，感染的
sepulchral,adj.阴沉的；丧葬的
sequela,n.结果
sequester,"vt.使隔绝，分离；
vt.使隐退"
sere,adj.干枯的，凋萎的
serendipity,n.意外发现珍奇（或称心）事物的本领
serene,"adj.安静的；
adj.稳重的，镇静的"
sermon,n.布道，说教
serpentine,adj.弯曲的
serrate,adj.锯齿状的
serried,adj.密集的
servile,adj.低下的，卑屈的
severe,"adj.严厉的，要求严格的；
adj.难以承受的，艰难的"
shackle,"vt.束缚；
vt.限制，阻碍"
shadow,"vt.偷偷尾随；
v.遮蔽，（使）变暗"
shallow,adj.浅显的，浅薄的
sham,"n.欺瞒；
v.掩饰，假装；
adj.虚假的"
shiftless,adj.胸无大志的，懒惰的
shipshape,adj.井然有序的
shirk,v.逃避，规避
shoal,adj.浅的
shopworn,adj.陈旧的
shred,n.少量
shrewd,"adj.精明的，机敏的；
adj.刺骨的，强烈的"
shrink,"vi.（在数量或价值方面）降低，减小；
v.（使）本能性地退却（如因遇到使人惊恐的事物），（使）退缩；
vi.表示出不情愿，犹豫"
shroud,"n.隐蔽物，可起隐藏、保护或屏护作用的物体；
vt.将…从视线中隔离，遮蔽"
shrug,"vt.轻视，忽略；
v.脱下（衣物等）"
shun,vt.避开，避免
sidestep,vt.（通过逃避而）不遵守
signal,"adj.（在重要性、成就方面）非同寻常的；
v.给出信号"
simpleton,n.（缺乏常识的）笨蛋
simulate,"vt.假装，模仿；
vt.模拟"
sin,n.罪恶的事
sincere,adj.真诚的，不做作的
sinecure,n.拿钱不干事的职务；闲差事
sinew,n.活力，力量
singe,vt.轻微烧焦
sinuous,adj.蜿蜒的，迂回的
sip,vt.（尤指小口地）喝
skeleton,n.骨架，框架
skeptic,n.怀疑者
skimp,"adj.缺乏的，不足的；
vi.节省花费，吝啬"
skirmish,n.小冲突，争论
skirt,"n.界限，边界；
vt.绕行，避开"
slack,"adj.松弛的；
adj.疏忽的，大意的"
slake,vt.使满足
slant,"n.（看待问题、思考的）角度，看法；
adj.倾斜的；
vt.歪曲（事实等）"
slate,vt.列入名单，计划，安排
slew,n.大量，许多
slight,"adj.不重要的；
adj.轻微的；
vt.轻蔑，看不起；
vt.忽略，疏忽"
sling,vt.投掷
slippery,"adj.光滑的；
adj.隐秘的；
adj.意义不明确的"
slipshod,adj.粗心的，随意的
sloppy,"adj.邋遢的，不整洁的；
adj.混乱的"
sloth,n.怠惰，懒惰
slouch,"n.懒人；
vi.缓慢行走"
slovenly,adj.邋遢的，不整洁的
sluggard,n.懒人
sluggish,"adj.缓慢的，迟缓的；
adj.迟钝的，反应慢的"
slumber,vi.睡着
slur,"n.耻辱；
vt.含糊地发音；
vt.疏忽，忽略"
sly,"adj.狡猾的；
adj.隐秘的，偷偷的"
smarmy,adj.虚情假意的，过分恭维的
smart,"adj.反应敏捷的，聪颖的；
adj.整洁的；
vi.感到疼痛，感到痛苦"
smattering,"n.浅薄的知识；
n.少量"
smirk,vi.（自鸣得意地）笑
smother,"vt.使窒息；
vt.抑制（表达、说出），压制"
smug,"adj.自大的，自鸣得意的；
adj.整洁的，有序的"
smuggling,n.走私，私运
snare,"n.无法逃脱的困境；
vt.捕捉"
snarl,"v.纠缠，纠结；
vi.咆哮，怒吼"
sneer,vt.（轻蔑地）嘲笑
snobbish,adj.谄上傲下的，自大的
snub,vt.轻视，不理睬
soak,vt.使…湿透
sober,"adj.严肃的；
adj.节制的；
adj.有理有据的"
sodden,"adj.湿透的；
vt.使…湿透"
solace,"n.安慰；
vt.安慰，安抚"
solder,v.连接，联合
solemnity,n.庄严，严肃
solicitous,"adj.为他人操心的，体谅他人的；
adj.迫切的，渴望的"
solid,"adj.固态的，坚固的；
adj.有理有据的；
adj.坚定的，不迟疑的"
soliloquy,n.（尤指自言自语的）独白
solitude,n.孤独，避世
solvent,"adj.有偿付能力的；
n.溶剂"
somatic,adj.肉体的
somber,"adj.昏暗的，无光的；
adj.悲伤的，不愉快的"
somnolence,n.瞌睡，嗜睡
sonnet,n.十四行诗
soothe,"vt.带来慰藉，安慰；
vt.使镇静，使安心；
vt.弱化，缓解"
sop,"n.安慰物；
n.贿赂，回扣；
vt.浸湿，湿透"
sophism,n.假推理，诡辩
sophisticated,"adj.精明的，老于世故的；
adj.复杂的"
soporific,"n.催眠的药剂，安眠药；
adj.催眠的；
adj.慵懒的，困倦的"
sordid,"adj.肮脏的，不干净的；
adj.卑鄙的"
sound,"adj.牢固的，不可动摇的；
adj.健康的，强壮的；
adj.（逻辑上）严谨的"
sparse,adj.稀疏的，稀少的
spartan,adj.简朴的，节约的
spat,n.（小的）争吵
spate,"n.突发的洪水；
n.大量"
specific,"adj.特有的，独特的；
adj.明确的"
specious,adj.似是而非的，欺骗性的
speck,n.小点，少量
spectator,n.观众，目击者，旁观者
spectrum,n.光谱；范围，系列
speculate,"v.推测，揣测；
vi.投机倒卖"
spendthrift,"n.挥霍者，败家子；
adj.挥霍的，不节俭的"
spent,adj.精疲力竭的
spindly,adj.细长纤弱的
spiny,"adj.多刺的；
adj.棘手的，麻烦的"
spleen,n.怒气，怨恨
splice,vt.接合，叠接
spontaneous,adj.自发的，不经思索的
spoof,"n.轻松幽默的模仿，小恶搞；
v.诱骗，诱使相信"
sporadic,adj.偶尔的，零星发生的
sprawl,v.杂乱无序地发展；蔓生，蔓延
sprightly,adj.活泼的，充满活力的
spur,"n.刺激物；
n.支撑物；
vt.刺激，激励"
spurious,adj.假的，伪造的
spurn,vt.摈弃，拒绝
squabble,n.口角，小争吵
squalid,"adj.污秽的，肮脏的；
adj.道德败坏的"
squall,"n.（通常伴随着雨或雪的）风暴，暴风雪，暴风雨；
v.尖叫"
squander,"vt.使分散；
vt.浪费"
squat,adj.又矮又胖的
squelch,"vt.压制，镇压（运动）；
vt.击溃，使无言以对"
squint,vi.斜视，睥睨
stabilize,v.使稳定；变得稳定
stalwart,"adj.无所畏惧的；
adj.（体魄等）强健的；
adj.坚定的"
stamina,n.耐力
stammer,vi.口吃，结巴
startle,vt.使吓一跳，使大吃一惊
static,"adj.静态的；停滞的；
adj.无改变的"
stature,"n.高度，身高；
n.才干，水平"
steadfast,adj.坚定的，忠诚的
stealth,"n.秘密行动；
adj.秘密的"
steep,"vt.浸泡；
adj.陡峭的；
adj.过分的，过高的"
stench,n.臭气，恶臭
stentorian,adj.声音洪亮的
sterile,"adj.贫瘠的；
adj.无菌的"
stickler,n.坚持细节的人，一丝不苟的人
stiff,"adj.僵硬的，无法弯曲的；
adj.（在社交场合）缺乏优雅的，不自在的；
adj.过分的，过高的；
adj.艰苦的，费力的"
stifle,vt.抑制（声音、呼吸等）；阻止，扼杀
stigma,n.耻辱，污名
stingy,"adj.小气的，吝啬的；
adj.极少量的"
stint,vi.吝惜，节省
stipple,v.（雕刻时）点刻；用点标记
stipulate,v.规定，特定要求
stitch,n.突然剧痛
stock,"n.库存，储备；
adj.普通的，常备的"
stockade,"n.栅栏，围栏；
n.监狱"
stodgy,"adj.平庸的，乏味的；
adj.非常守旧的"
stoic,adj.隐忍的，冷静的
stoke,"vt.添加燃料；
vt.增大，促进"
stolid,adj.无动于衷的，感情麻木的
stomach,vt.容忍
stonewall,v.拒绝（合作），阻挠
stouthearted,adj.勇敢的
strait,"n.海峡；
n.痛苦"
strand,"n.绳、线之一股；
vt.遗弃，使置于困境"
stratagem,n.谋略，策略
stratify,vt.将…分成各种等级
stray,"adj.漫无目的的；
vi.离群，迷途，偏离"
strength,"n.力量；
n.（抵抗攻击、压力的）强度"
striate,vt.加条纹
stricture,n.责难，批评
stride,vi.迈大步走
strident,adj.刺耳的
strike,"n.攻击；
vt.铸造（奖牌）；
vt.击打；
vt.袭击，攻击；
vt.撞击"
stringent,"adj.紧绷的；
adj.严格的"
strip,vt.脱衣，剥去
strut,"vi.趾高气扬地走；
n.支柱，压杆"
studio,n.工作室，画室，摄影室
stultify,vt.使无效，抑制
stunt,vt.阻碍（成长）
stupor,n.迟钝，麻痹，无知觉
sturdy,adj.强健的，结实的
stygian,adj.极阴暗的
stymie,vt.阻碍
subdue,vt.使顺从；征服
subject,"n.臣民，受支配的人；
adj.取决于（其他因素）的"
subjugate,"vt.征服，镇压；
vt.剥夺…的自由"
sublime,"adj.崇高的，庄严的；
adj.（因为杰出、尊贵、美丽等而）令人惊叹的"
subliminal,adj.下意识的，潜在意识的
submerge,vt.使淹没
submissive,adj.服从的，顺从的，恭顺的
subordinate,"adj.下级的；次要的；
vt.征服"
subservient,adj.奉承的，屈从的
subside,vi.下陷，下沉，减弱
subsidiary,"adj.次要的；
adj.起辅助作用的"
subsidy,n.补助金，津贴
substantial,"adj.物质的；
adj.有重大意义的"
substantiate,"vt.证实；
vt.使实体化"
substantive,adj.本质的，关键的
subterfuge,n.诡计
subtle,"adj.微妙的，难以感知的；
adj.巧妙的，间接或带有欺骗性的"
subvert,vt.颠覆
succinct,adj.简明的，简洁的
succor,vt.救援，援助
suffocate,vt.使窒息
suffuse,vt.（色彩等）弥漫，染遍，充满
sulk,vi.生气，愠怒
sullen,adj.闷闷不乐的
summary,"n.摘要；
adj.就地的，立即的"
summit,n.顶点
summon,"vt.召集，召唤；
vt.传唤（出庭、出席）"
sumptuous,adj.豪华的，奢侈的
sunder,vt.分裂，分离
supercilious,adj.高傲的，傲慢的
superficial,adj.表面的，肤浅的
superfluous,adj.多余的，过剩的
superimpose,vt.添（声）加（色）（使形象、某因素或性质更加清楚）
supine,adj.懒散的，倦怠的，消极的，漠不关心的
supplant,vt.排挤，篡夺…的位置
supple,adj.易弯曲的，柔软的
supplement,n./v.增补，补充
supplicate,v.恳求，乞求
supposition,n.猜想，推测
suppress,"vt.抑制（表情）；
vt.用暴力终止，镇压"
surcharge,v./n.过高收费
surfeit,v./n.（使）过量，（使）饮食过度
surrender,"vt.交出，放弃，投降；
vt.使沉溺于"
surreptitious,adj.偷偷摸摸的，保密的
susceptibility,n.易受感染的性质或状态
suspend,"vi.暂停，中止；
vt.悬挂"
suture,n./v.缝合
svelte,adj.（女人）体态苗条的，优雅的
swagger,"vi.大摇大摆地走，趾高气昂地走；
vi.自夸，吹嘘"
swear,"vi.咒骂；
v.宣誓"
sweltering,adj.酷热的
swerve,vi.突然改变方向
swill,vt.痛饮，大口地吃
swindle,vt.欺骗，骗取
sybarite,n.沉溺于奢侈逸乐者，酒色之徒
sycophant,n.马屁精
syllabus,n.提纲，摘要；课文、演讲或研究课题的概要或提纲
syllogism,n.由一般到个别的推理，演绎
symbiosis,n.共生关系
symmetry,n.对称
synchronous,adj.同时期的，同步的
synergic,adj.合作的
synonymous,adj.同义的
synopsis,n.摘要，概要
synthesis,n.合成，综合
tacit,adj.暗示的
taciturn,adj.沉默寡言的，话少的
tackle,vt.着手处理
tact,n.机敏，精明，不冒犯
tactile,adj.有触觉的，能触知的
tactless,adj.不机智的，笨拙的
taint,vt.使（品质）污损
talisman,n.护身符
tamper,"v.恶意窜改，损害；
vi.玩弄"
tangent,n./adj.离题（的），不相关（的）
tangible,"adj.可感知的；
adj.确凿的，真实的"
tangy,adj.刺激的
tantalize,vt.激起，挑逗，引诱
tantamount,adj.等价的，与…相等的
tantrum,n.勃然大怒，发脾气
taper,"v.（使）逐渐变细；
v.逐渐减少，减弱"
tardy,"adj.缓慢的，迟缓的；
adj.延后的，迟的"
tarnish,vt.玷污
tasty,adj.美味的；令人愉悦的
tatty,adj.破旧的，褴褛的
taunt,vt.嘲弄性质疑，挑衅
taut,"adj.紧绷的；
adj.整洁的"
tawdry,adj.俗丽的，花哨而庸俗的
taxing,adj.繁重的，费力的
tedious,adj.冗长乏味的
teeter,"vi.蹒跚，不稳定地行走；
vi.犹豫不决"
teetotalism,n.禁酒
telling,adj.有效的，显著的
temerity,n.鲁莽，冒失
temperate,"adj.（言行举止）有分寸的；
adj.有节制的"
tempestuous,adj.突然的，剧烈的
temporize,vi.行动躲躲闪闪以争取时间、躲避争论等
tenable,adj.有据可依的，无懈可击的
tenacious,"adj.顽固的，不屈不挠的；
adj.粘着的"
tendentious,adj.有偏见的
tender,"vt.正式提出；
adj.考虑周到的，关心同情的"
tenuous,adj.没有实际内容的，空洞的
tepid,adj.不太热心的
terminology,n.专业术语
terminus,n.终点，终点站
terror,n.极度恐惧
terse,adj.简洁的，简明的
testimony,n.证词，声明
testy,adj.易怒的，暴躁的
tether,"vt.（用绳、铁链）拴系，束缚；
n.能力或忍耐力的极限"
theatrical,adj.做作的，夸张的，矫揉造作的
therapeutic,adj.治疗的，有疗效的
thorny,"adj.多刺的；
adj.棘手的"
threadbare,"adj.陈腐的；
adj.贫穷的；
adj.破烂的"
throng,v./n.大量聚集
thwart,vt.阻挠
ticklish,"adj.易怒的；
adj.棘手的，对技巧要求高的"
tiff,n./v.小争吵
tightfisted,adj.吝啬的
timeworn,adj.陈腐的
timid,adj.胆小的，不自信的
timorous,adj.胆小的
tinge,vt.给…着上少量的色彩
tinker,v.乱修，乱调整
tint,v.涂浅色，微染
tirade,n.长篇抨击性演讲
toady,n./v.马屁精；拍马屁
tonic,adj.滋补的，有益健康的
topsy-turvy,adj.混乱的
torpid,"adj.麻木的，没有知觉的；
adj.迟钝的，行动迟缓的"
torpor,"n.缺乏兴趣；
n.（肉体或精神上的）迟钝，懒散"
torrential,adj.急流的
torrid,"adj.酷热的；
adj.热情的，情感深厚的"
tortuous,adj.转弯抹角的
tout,vt.极力赞扬
toy,vi.草率或不认真地对待
tractable,adj.易驾驭的，温顺的
tranquility,n.宁静，淡定
transcend,vt.超越，超过极限
transfigure,vt.使改变外观
transgress,vt.违背；犯错
transient,adj.短暂的，瞬时的
transitory,adj.短暂的
translucent,adj.透明的
transparent,"adj.透明的；
adj.没有歧义的，清晰易懂的"
travail,n./v.辛苦劳动
traverse,vt.横穿
travesty,n./v.拙劣的、嘲弄性模仿
treacherous,adj.背叛的
trenchant,"adj.锐利的；
adj.（言辞）一针见血的"
trepidation,n.恐惧，战栗
trespass,vi.非法侵入；违反，冒犯
tribute,n.称颂，颂词
trickle,vi.一滴一滴地流，缓缓地流
trite,adj.陈腐的，陈词滥调的
trivial,adj.琐碎的，无足轻重的
truant,adj./n./vi.逃避责任（的）；逃避责任者
truce,n.休战，休战协定
truculent,"adj.尖酸刻薄的；
adj.好战的，好斗的"
trudge,vi.吃力而笨拙地走
trumpet,v.大声说出或宣告
truncate,vt.截短；缩短（时间、篇幅等）
truss,v.系紧，扎紧
tumult,n.骚动，暴动
turbid,adj.混浊的
turbulent,"adj.动荡的；
adj.湍急的，汹涌的"
turgid,adj.浮夸的，过分装饰的
turmoil,n.骚动，混乱
turncoat,n.叛徒
turpitude,n.卑鄙
twig,v.了解
typo,n.打字错误
tyro,n.新手，业余爱好者
ubiquitous,adj.无所不在的，普通的
unassailable,adj.无可争辩的，无法否认的，不可亵渎的
uncanny,adj.离奇的，奇异的
uncouth,adj.粗俗的，没有品位的
unctuous,"adj.油嘴滑舌的，谄媚的；
adj.夸张的，做作的"
underdog,n.受害者，输家
undergird,vt.加强，巩固…的底部
undermine,vt.削弱，破坏
underscore,vt.强调
understate,vt.保守陈述
understudy,n.替补演员
unexceptionable,adj.无懈可击的
unflappable,adj.镇定的，从容不迫的
ungainly,adj.笨拙的，不雅的
unimpeachable,adj.无可置疑的
unkempt,adj.凌乱的，无序的
unlettered,adj.未受教育的，文盲的
unpretentious,"adj.低调的，谦逊的；
adj.坦诚的，自然的"
unproductive,adj.徒然的，无效的
unrequited,adj.无报答的，无报酬的
unruly,adj.难驾驭的，不守规矩的
untenable,adj.防守不住的，站不住脚的
untold,adj.数不清的，无数的
untoward,"adj.倒霉的，不吉利的；
adj.难以驯服的，难以驾驭的"
unwitting,"adj.不知道的，未觉察的；
adj.偶然的，并非有意的"
unwonted,adj.不习惯的，不寻常的
upbraid,vt.（严厉地）谴责，责骂
uphold,vt.支持，赞成
urbane,adj.彬彬有礼的，文雅的
usurp,vt.篡夺，篡位
utter,"vt.出（声），说（话）；
adj.完全的，绝对的"
vaccinate,v.预防接种疫苗
vacillate,"vi.犹豫不决；
vi.摇动，摇摆"
vacuous,adj.茫然的，愚蠢的
vagary,n.不可预测的思想或行为
vague,"adj.表达不清的；
adj.轮廓不清晰的"
valediction,"n.告别；
n.告别词"
valiant,adj.勇敢的，英勇的
valid,adj.逻辑上正确的
vanquish,vt.打败，征服
vapid,adj.无趣的，乏味的
vaporize,"vt.使（液体）蒸发；
vt.彻底消灭"
variance,n.不一致，不和谐
variegated,adj.杂色的，斑驳的
varnish,"vt.上清漆，使有光泽；
vt.粉饰（令人不悦的东西）"
vault,"vi.跳起，跳跃；
vi.一跃而至"
vaunt,vi.吹嘘
veer,v.（使）转向，（使）改变航线
vehement,adj.（情感）强烈的，热情的
venal,adj.贪污受贿的
vendor,n.小贩，商贩
veneer,"n.薄木板，用以贴在家具外面的饰面板；
vt.粉饰（不好的东西）"
venerate,vt.尊敬
venial,adj.可宽恕的
venom,"n.毒液；
n.恶意，恶毒的用心"
veracious,"adj.诚实的，说实话的；
adj.精确的，准确的"
verbatim,adv.逐字地，一字不差地
verbose,adj.冗长的，啰嗦的
verdant,adj.（因长满植物而）翠绿的，郁郁葱葱的
verify,vt.校验，证实
verisimilar,adj.似乎真实的
veritable,adj.真正的，确实的
vernacular,"n.方言；
adj.非正式的，口头的"
versatile,"adj.多才多艺的，全能的；
adj.易改变的"
verse,"vt.使精通，使熟悉；
n.诗歌"
vertigo,n.眩晕
verve,n.活力，热情
vessel,"n.管；
n.船，舰艇"
vestige,n.微小的遗迹，小痕迹
vestigial,adj.退化的，发育不全的
veteran,"n.老兵；有丰富经验的人；
adj.经验丰富的，资深的"
veto,n./vt.否决，禁止
vex,vt.使烦恼，使恼怒
viable,adj.可行的
vicarious,adj.代理的，取代的
vicious,"adj.凶恶的，恶毒的；
adj.猛烈的"
vicissitude,n.自然变化，变迁兴衰
victimize,vt.使受骗
vigilant,adj.警醒的，警惕的
vignette,n.简介，短文
vigorous,"adj.精力旺盛的；
adj.强健的"
vilify,vt.诽谤，辱骂
vim,n.活力，精力
vindicate,"vt.为…平反，为…辩护，使无罪；
vt.证明，证实"
vindictive,adj.复仇的，有寻仇倾向的
virtuoso,"n.艺术鉴赏家，专家；
adj.经验丰富的，技艺精湛的"
virtuous,adj.品德高尚的，正直的
virulent,"adj.有毒的；
adj.凶残的"
viscid,adj.有粘性的
viscous,adj.粘稠的，粘的
visionary,"adj.空想的，不切实际的；
adj.幻觉的；
adj.有远见的"
vitality,n.活力，生命力
vitiate,"v.削弱，损害；
v.（在道德、审美上）降低，堕落"
vitriolic,adj.（言辞）刻薄的
vituperate,vt.谩骂，责骂
vivacious,adj.活泼的，快活的
vociferous,adj.喧哗的，大叫大嚷的
volatile,adj.多变的
volition,n.意志，自愿选择的行为
voluble,adj.健谈的，话多的
voluminous,adj.卷数多的，大量的，庞大的
voluptuous,adj.奢侈逸乐的，沉溺酒色的
voracious,"adj.有很大食量的，贪吃的；
adj.贪婪的，如饥似渴的"
votary,n.崇拜者，信徒
vouch,v.担保，声称为真
vulgar,"adj.粗俗的，无教养的；
adj.口头的，非正式的"
vulnerable,adj.易受攻击的，脆弱的
waddle,vi.摇摇摆摆地走
waffle,vi.胡扯
waft,v.飘荡，漂浮
wag,"n.幽默诙谐的人；
v.摆动"
wan,adj.苍白的，病态的
wanderlust,n.旅行癖
wane,vi.减少，衰退，降低
want,"n.短缺；
vt.渴望"
warmonger,n.好战者
warp,"vt.使偏向；
vt.扭曲，变形；
vt.曲解"
warrant,"vt.向…保证质量；
vt.批准，认可"
wary,adj.小心的，机警的，谨慎的
wastrel,n.肆意挥霍的人，败家子
watershed,n.重要关头，分水岭
wax,"vi.月亮渐满；
vt.用蜡涂、处理或上光；
vi.增大，增强"
waylay,vt.埋伏，伏击
welter,n.混乱，动乱
wheedle,v.（用花言巧语）诱惑，哄骗
whet,vt.磨快
whiff,"n.微风；
n.细微的信号，轻微痕迹"
whimsical,adj.反复无常的
wholesome,adj.有益身心健康的
wicked,adj.邪恶的
wince,vi.畏缩
windbag,n.健谈的人
windy,adj.冗长的
winsome,adj.迷人的，漂亮的
wit,"n.机智，智慧；
n.智者，有智慧的人"
withdraw,v.撤退
wither,vi.枯萎，凋谢
withhold,vt.抑制；扣压，不给予
wizen,"v.（使）凋谢，（使）枯萎；
adj.凋谢的，枯萎的"
wobble,"vi.摇晃，颤抖；
vi.犹豫不决"
worldly,"adj.世间的，世俗的；
adj.老练的"
worship,"n.崇拜，敬仰；
v.崇拜，膜拜"
wrangle,"n.纷争，争端；
vi.争吵"
wretched,"adj.极差的；
adj.沮丧的"
wry,"adj.扭曲的；
adj.坚持错误的"
xenophobe,n.仇视（或畏惧）外国人（或外国事物）者
yoke,v.连接
yokel,n.乡下人，天真纯朴的人
zeal,n.热心，热诚
zealot,n.狂热者，极端主义者
zenith,n.最高点，巅峰
zesty,adj.刺激的，开胃的
abreast,"adv.并排地；
adj.熟知的"
absent,"adj.未出现的，缺乏的；
adj.不专心的，走神的"
acclaim,"n.称赞；
vt.赞扬，赞颂"
accomplish,vt.完成，实现
accord,"n.一致；
vi.相符合，相一致；
vt.授予，给予"
acknowledge,vt.承认
acquire,vt.获取，获得
acquisitive,adj.贪婪的
adjudicate,v.裁决，判定
adversity,n.厄运，逆境
affectation,n.虚伪，做作
affirm,vt.声称…为真，肯定…属实
affix,vt.粘合
affliction,n.痛苦，悲伤，折磨
agape,adj.急切盼望的
agility,n.（身手）敏捷
agonize,"vt.折磨，使痛苦；
vi.感到痛苦"
agreeable,"adj.令人愉悦的；
adj.随和的；
adj.相一致的"
alienate,"vt.使…疏远；
vt.转让，让渡"
alloy,"n.合金；混合物；
vt.掺杂，降低…的纯度"
ambivalent,adj.（尤指感情、态度）矛盾的
anachronistic,adj.时代错误的
analogous,adj.相似的，可比较的
annex,"vt.添加，合并；
vt.吞并，夺取（土地等）"
annotate,vt.给…作注解
antedate,vt.比…早，早于
antipathy,"n.厌恶，反感；
n.令人反感的事物"
antiquated,adj.古老的，过时的
antithetical,adj.完全对立的，相反的
apparition,n.鬼魂，幽灵
applicable,"adj.可用的，可行的；
adj.相关的，有关的；
adj.合适的，恰当的"
apprehensive,"adj.知晓的，理解的；
adj.恐惧的，害怕的"
arable,adj.适合耕种的
arbitrary,"adj.专横的，独断专行的；
adj.独裁的，拥有无限权力的；
adj.缺乏计划的，随意的"
arcane,"adj.（语言）晦涩的，隐晦的；
adj.深奥的，难以理解的"
argument,"n.争吵，争论；
n.（逻辑上的）论证；
n.观点，论点"
arid,"adj.干燥的；
adj.无趣的，无聊的"
array,"n.排列，阵列；
vt.排列，摆放；
vt.装饰，装修"
assail,"vt.抨击，严厉批评；
vt.攻击，猛攻"
asymmetry,n.不对称，不平衡
atrophy,vi.萎缩，衰退
attest,vt.证实，为…作证
attune,vt.使协调，使和谐
august,"adj.威严的，庄重的；
adj.盛大的，令人印象深刻的"
auspicious,adj.好兆头的
austere,"adj.朴素的，朴实无华的；
adj.严肃的，令人生畏的"
automatic,"adj.（机器等）自动的；
adj.自发的，情不自禁的"
avowal,n.承认，公开宣布
backfire,vi.产生相反的结果，事与愿违
backslide,vi.（情况等）倒退，变坏
baffle,"vt.挫败，阻挠；
vt.使疑惑"
baffling,adj.令人疑惑的，难以理解的
bash,"n.猛击；
vt.攻击，用力击打；
vt.抨击，严厉批评"
bask,vi.休息，悠然自得
beholden,adj.欠他人人情的
behoove,vt.对…有利
beige,adj.缺乏特征的
belligerence,n.好斗，好战
belligerent,adj.好斗的，好战的
beset,"vt.使苦恼，骚扰；
vt.攻击，袭击"
bewitching,adj.迷人的，令人着迷的
blackmail,n./vt.敲诈，勒索
bluff,"adj.直率的，（说话）直截了当的；
vt.欺骗"
bogus,"adj.伪造的，假冒的；
adj.虚伪的，做作的"
bore,"n.令人厌烦的人或事物；
vt.使厌倦，使厌烦"
brandish,vt.（带有威胁性地）挥舞
brim,"n.边缘，边界；
vi.充满；
vt.加满，倒满"
bumble,"vi.含糊不清地说，杂乱无章地说；
vi.笨拙地行动"
bustle,"n.忙乱，喧闹；
vi.（快速地）行走，奔忙"
cachet,n.威望，声望
calamity,n.大灾难
calculated,adj.经过计算（成败得失）的，经过深思熟虑的
calibrate,vt.校准，调校
canny,adj.精明的，聪明的
canonize,"vt.过分宠爱，过分崇拜；
vt.使崇高，使神圣"
captious,adj.吹毛求疵的，爱挑毛病的
careen,"vi.蹒跚而行，不稳地行走；
vi.狂奔，快速运动"
carefree,adj.无忧无虑的
cascade,n.（尤指小的）瀑布
cellular,adj.多孔的
ceremonious,adj.讲究礼节的，庄重的
certitude,n.确信无疑
channel,"n.水渠；
n.海峡；
vt.将…导向，投入"
chaperone,vt.同行，护送
charisma,n.魅力，吸引力
cherished,adj.受喜爱的，珍爱的
chivalrous,adj.有骑士风度的，（尤指对女性）彬彬有礼的
chorale,"n.赞美诗；
n.合唱班，合唱团"
clamor,n.喧闹，喧哗，噪声
clan,n.（有共同爱好的）团体，帮派
cleave,"vi.紧贴，坚持；
vt.分隔，割裂，劈开"
cling,"n.粘结，粘合；
vi.紧贴；支持"
coarse,"adj.粗糙的，表面不平整的；
adj.（声音）刺耳的，粗声粗气的；
adj.粗俗的；
adj.（质量）低劣的"
cohesive,adj.有粘性的；有凝聚力的
collaborate,vi.合作
commiserate,vi.表示怜悯，同情
compatible,adj.一致的，能共存的
compelling,"adj.极具说服力的；
adj.迫切的，紧迫的"
complacent,"adj.自满的，自鸣得意的；
adj.无所谓的，不关心的"
complementary,adj.互补的
complicate,vt.使复杂化
comprehend,"vt.理解，了解；
vt.包括，包含"
concrete,"adj.实体的，实在的；
adj.事实性的，明确的"
condemn,vt.谴责（…为不道德的、邪恶的）
conditional,adj.有条件的，受制约的
conflagration,"n.大火；
n.武装冲突，战争"
conflate,vt.混合
conform,"vt.使协调；
vt.调整（以适应）；
vi.遵照，遵从"
conjure,"vt.请求，恳求；
vt.在脑海中浮现，想起"
consent,"n.同意，赞同；
vi.同意"
consign,vt.转交，转移（给他人）
consternation,n.惊愕，恐慌，恐惧
constrict,vt.压缩，压紧
contemplate,v.沉思，仔细思索
contempt,n.蔑视，鄙视
contend,"vi.竞争，争夺；
vt.声明，声称"
contradict,vt.否认，反驳；与…相矛盾
contrived,adj.不自然的，刻意的
convene,"vt.召开，召集；
vi.聚集，集合"
correlate,vt.使…相关联
counterpart,n.（地位、功能）对等的人或物
counterproductive,adj.反效果的，阻碍预期目标的
courteous,adj.礼貌的，谦恭有礼的
coy,"adj.故作羞涩的；
adj.不愿与人交往的，内向的"
credible,adj.可信的，值得信赖的
credit,"n.信任，信赖；
n.表扬，赞扬"
crow,"vi.感到高兴；
vi.自鸣得意"
damn,"vt.（在道德上）谴责；
adv.非常地，极其地"
dampen,"vt.（特指稍稍地）弄湿；
vt.抑制，压抑（感情、精力等），泼冷水"
dashing,adj.爱好冒险的，大胆的
dated,adj.过时的
deadlock,"n.僵局；
vt.使陷入僵局，使停顿"
debonair,"adj.无忧无虑的，不在乎的；
adj.风度翩翩的"
decadent,"adj.堕落的，腐败的；
n.放纵的人；
n.道德上堕落的人"
decry,vt.强烈反对，否定
deflect,vt.使偏斜，使转向
defray,vt.支付
deign,vi.（不情愿地）屈尊，俯就
delegate,"n.代理人，代表；
vt.移交（权力、任务等）"
delineate,"vt.勾勒，用线条描绘；
vt.描写，描绘"
demote,vt.降职，降级
dependable,adj.可靠的，值得信赖的
deplorable,"adj.可鄙的，可耻的；
adj.悲惨的，可悲的"
desperate,adj.绝望的
dichotomy,n.一分为二，分割
dictate,"n.指令，命令；
vt.（仗着地位、权力）下令"
dike,"n.堤坝，水坝；
n.水沟，水渠"
discreet,"adj.（言行）谨慎的；
adj.不易察觉的"
disenchant,vt.使清醒
dishearten,vt.使沮丧，使失去信心
disjunctive,adj.分离的
disprove,vt.反驳，证明为假
distinctive,"adj.完全不同的；
adj.特征性的，典型的"
doctrinaire,adj.教条主义的，照本宣科的
domineer,vt.专制统治
drab,adj.单调的，无聊的
dramatic,adj.显著的，惹人注意的
dread,n.恐惧
duplicate,"n.复制品；
vt.复制；
vt.重复，反复"
dynamic,adj.有力量的，有活力的
eclectic,adj.混合的，多元化的
efficacious,adj.有效的
elude,"vt.躲闪，躲避；
vt.使无法理解，使困惑"
enamored,adj.迷恋的，热爱的
endeavor,"n.努力，奋斗；
vt.努力做，拼搏"
enthrall,vt.（像用魔咒般）吸引
equilibrium,"n.均势，平衡；
n.（感情上的）平静"
erroneous,adj.错误的，不正确的
escort,"n.护卫队，护送者；
vt.同行，护送"
ethos,n.道德准则
exorcise,vt.除去
explicate,vt.解释，说明
exterminate,vt.根除，消灭
extrapolate,vt.（通过逻辑）推断
fabulous,"adj.传说中的；
adj.幻想中的，不真实的；
adj.令人惊讶的，令人称奇的；
adj.极好的"
fad,n.（短暂的）流行，时尚
fallible,adj.可能出错的
fanciful,"adj.幻想中的，不真实的；
adj.不切实际的，荒谬的"
favoritism,n.偏爱，偏袒
featureless,adj.缺乏特征的
feisty,adj.好斗的，好争论的
felony,n.重罪
ferocious,"adj.极端的，剧烈的；
adj.激烈的，爆发性的；
adj.凶猛的，残暴的"
fervent,adj.充满感情的，热情洋溢的
figment,n.虚构的事物，幻觉
fitful,adj.无规律的，缺乏周期的
fleeting,adj.稍纵即逝的，短暂的
forage,vi.寻找
forebode,v.预示，预兆
foreground,vt.强调，重视
forfeit,n.罚金
forsake,vt.彻底放弃，抛弃
frosty,"adj.寒冷的；
adj.无强烈感情的，冷淡的"
gawky,adj.（举止）笨拙的
germinate,"vi.发芽；
vi.出现"
glacial,"adj.极冷的；
adj.冷漠的，无感情的"
glide,v.轻松地行动，轻松地通过
glower,vi.怒目而视
graft,vt.移植，移接
grit,n.（面对困难时所表现出来的）毅力
groggy,"adj.虚弱的，（走路）不稳的；
adj.无法思考的，头脑不清的"
grudge,n.怨恨，仇恨
grumble,vi.（尤指低声地）抱怨，埋怨
halfhearted,adj.不感兴趣的，不热情的
heckle,vt.起哄，使难堪
hierarchical,adj.分等级的，等级制的
hobble,"vi.跛行，蹒跚而行；
vt.阻碍，妨碍"
humdrum,"n.千篇一律，单调；
adj.无聊的，乏味的"
humiliate,vt.羞辱，使丧失尊严
hypothetical,"n.假设，前提条件；
adj.假定的"
idiosyncrasy,n.独特而奇怪的习惯
idle,"adj.闲置的，未使用的；
adj.懒散的；
v.懒散度日，无所事事"
ill-bred,adj.没有教养的，没有礼貌的
illustrious,adj.著名的，杰出的
imperishable,"adj.不能被摧毁的；
adj.不朽的，永恒的"
implicit,"adj.不言而喻的，心照不宣的；
adj.无疑问的，无保留的"
impostor,n.冒名顶替者，骗子
impunity,n.免责，免受处罚
incentive,n.刺激，诱因
incumbent,adj.义不容辞的，必须的
indecorous,adj.不合乎礼节的，不得体的
infraction,n.违背，违犯
justify,vt.证明…的合理性，为…辩解
lag,"adj.最终的，最后的；
vi.缓慢行走；
vi.萎靡，失去活力"
lance,"n.长矛，标枪；
vt.刺穿，刺破"
lax,"adj.松弛的，不紧的，不严格的；
adj.懈怠的，漫不经心的"
license,"n.许可，认可；
n.自由；
n.放荡；
vt.准许，授权使用"
lionize,vt.追捧，把…捧为名人
ludicrous,adj.荒唐的，可笑的
luminous,"adj.发光的，有光泽的；
adj.杰出的，重要的"
lurid,"adj.恐怖的，令人反感的；
adj.面色苍白的，病态的"
machination,n.诡计
madcap,"n.热爱冒险的人；
adj.大胆的，鲁莽的"
magnitude,"n.重要，重大；
n.巨大"
malevolent,adj.恶意的，恶毒的
malignant,adj.恶毒的，邪恶的
maneuver,vt.巧妙地操纵
marginal,"adj.边缘的；
adj.不重要的"
meditate,vt.思索，沉思
menial,"n.仆人，奴仆；
adj.卑贱的，低下的"
meretricious,adj.艳俗的，俗气的
milieu,n.环境，氛围
military,adj.军事的，军用的
misapprehension,n.错误的理解、判断
monarch,"n.君主，帝王；
n.巨头，大亨"
monopolize,vt.垄断，主宰
nirvana,"n.彻底放松的状态；
n.天堂，极乐世界"
nostalgia,"n.思乡之情；
n.怀旧，怀念"
notoriety,"n.（尤指因为丑闻而出名的）名人；
n.坏名声"
nourish,"vt.养育，抚养；
vt.培养，促进"
novice,n.新手，初学者
nullification,n.（尤指法律条文等正式的）废除，废弃
numb,"adj.失去感觉的；
adj.麻木的，无感情的"
oaf,n.愚蠢的人
observant,"adj.警惕的，警觉的；
adj.严格遵守（规章、制度或原则）的"
obsolete,adj.过时的，被淘汰的
onset,"n.攻击，进攻；
n.起始，开始"
ordeal,n.严峻的考验
ostensible,adj.表面上的，佯装的
outgrowth,n.结果，后果
outmoded,adj.过时的，废弃的
override,vt.不顾
overshadow,"vt.使变黯淡；
vt.（在重要性上）超越，超过"
overwhelm,"vt.淹没；
vt.（感情上、精神上）使无所适从，使难以承受"
overwrought,"adj.十分激动的，非常不安的；
adj.（装饰、文风等）过分华丽的"
palaver,"n.对话，交流；
vi.闲聊"
palpitation,n.（有节奏的）舒张收缩
panacea,n.万能药，万灵药
peculiarity,n.特征，特点
pedagogical,adj.教学的；教师的
peel,"vt.剥去…的皮；
vi.脱去（衣服等）"
perceptive,"adj.敏锐的；
adj.洞察力强的"
perilous,adj.危险的
perquisite,n.额外的好处
petulant,adj.易怒的，爱发脾气的
pioneer,"n.扩荒者，先驱者；
adj.最初的，最早的；
vt.开创，创造"
pious,"adj.（信仰上）虔诚的；
adj.忠诚的"
pitfall,"n.陷阱；
n.（不易察觉的）危害"
pivotal,adj.最关键的，最为重要的
placid,"adj.宁静的，风平浪静的；
adj.冷静的，淡定的"
playful,adj.爱开玩笑的，好打闹的
plebeian,adj.平民的，社会下层的
plentitude,"n.丰富，充沛；
n.大量"
plodder,n.行走缓慢的人
plush,"adj.（味道等）浓郁的；
adj.奢华的，豪华的"
poach,vt.水煮
pointer,"n.（仪表上的）指针；
n.忠告，建议"
pragmatic,adj.实用主义的，务实的
premeditate,vt.预谋
prerequisite,n.先决条件，前提
prerogative,n.特权，权力
proclaim,vt.宣告，使…公之于众
project,"n.方案，计划；
vi.凸出；
vt.预测，预计"
proprietary,"n.所有权；
adj.私营的"
prototype,n.原型
rampant,"adj.（植物）生长茂盛的；
adj.猖獗的，不受限制的"
ravenous,adj.食量大的，贪食的；贪婪的
redeem,"vt.实践，履行（诺言等）；
vt.改过自新"
refreshing,adj.令人身心振奋的，提神的
remnant,n.残余，剩余物
renege,vt.放弃，摒弃
replenish,vt.补充
replicate,"vt.复制，复刻；
vt.重复，反复"
residual,adj.剩余的，残存的
restitution,n.补偿，赔偿
resurrect,vt.使重生，使复苏
retentive,adj.记性好的
retrieve,vt.寻回，找回
reverberate,vi.回荡，回响
rhetorical,"adj.语言上的，文字上的；
adj.言辞华丽（却往往无内涵）的"
rigmarole,n.混乱而无意义的话
ruthless,adj.没有怜悯心的，残忍的
sacrosanct,adj.极为神圣的，不可侵犯的
scourge,n.祸害
screen,"n.掩护物，屏障；
vt.保护，使…免受攻击；
vt.掩护，遮蔽"
scrimp,vi.节俭
scruple,n.（良心上的）不安
secede,vi.脱离，退出（组织、团体、联盟等）
sectarianism,n.宗派主义，顽固
secular,adj.世俗的，尘世的
sequel,n.结果
shift,"vt.改变…的位置；
vi.改变，变化；
vt.交换"
shifty,adj.（显得）狡诈的，（显得）欺诈的
simile,n.明喻
skittish,"adj.容易受到惊吓的，胆小的；
adj.容易激动的；
adj.善变的，多变的"
sparing,"adj.节俭的，节约的；
adj.不足的，缺乏的"
splinter,"n.尖细条，刺；
vt.将…切成细条"
splutter,vi.急切而不清楚地说
squeamish,adj.恶心的，晕船的
stasis,n.平衡，停滞
staunch,adj.忠诚的，坚定的
stereotype,n.成见，老套的理念
stigmatize,vt.使蒙上污名
substitute,"n.取代者，替代品；
vt.取代，替代"
succumb,"vi.屈服；
vi.死亡"
supersede,vt.取代，替代
surly,adj.脾气不好的
surmise,"n.（根据不足的）推测，揣测；
vt.推测"
surmount,vt.战胜，获得胜利
surpass,"vt.超越，强于；
vt.突破（界限、记录等）"
surrogate,n.替代品
surveillance,n.监视，监控
tame,"adj.被驯化的；
adj.无聊的，乏味的；
vt.控制，抑制"
tangle,"n.困惑，不解；
vt.纠缠，使…纠结"
teeming,adj.大量的
temporal,adj.世俗的，尘世的
tentative,adj.暂时性的，尝试的
thick-skinned,adj.冷漠无情的，不顾及他人感受的
thrill,"n.强烈的兴奋感，快感；
vt.使兴奋，使激动"
timely,"adj.及时的，无拖延的；
adj.恰到好处的，合乎时宜的"
topsy-turvy,adj.混乱的，不整洁的
trifle,"n.不重要的事；
vi.不正经地对待，玩弄"
trifling,adj.细微的，不重要的
tycoon,n.大亨，巨头
tyrant,n.暴君
umbrage,n.不悦，生气
unanimous,adj.一致同意的
unavailing,adj.徒劳的，无果的
unremitting,adj.连续不断的
versed,"adj.熟知的；
adj.精通的"
vile,"adj.丑陋的；
adj.（道德上）可鄙的，卑鄙的"
vocation,n.职业
vouchsafe,vt.允诺，给予
voyeur,n.窥淫狂
wanting,"adj.未出现的，缺少的；
adj.未达到要求的"
wayward,adj.刚愎自用的，不服管束的
weather,vt.安全度过（危机等），经受住
willful,"adj.固执的，倔强的；
adj.故意的"
willy-nilly,"adv.不论是否愿意地；
adj.无秩序的，随意的"
wilt,"vi.（花、植物等）萎蔫；
vi.精神萎靡，憔悴"
wily,adj.狡诈的，狡猾的
wiretap,n./vt.偷听，窃听
wistful,adj.（带着忧伤而）渴望的，怀念的
wrest,"vt.拧，扭动；
vt.辛苦地获得"
wrongheaded,adj.固执己见的，坚持（错误观点）的